user_id,video_id,reaction_type,reacted_at
222,7,LIKE,2017-04-07T17:49:14
233,366,LIKE,2020-05-20T14:53:37
162,634,LIKE,2017-03-10T06:49:33
421,523,LIKE,2018-10-15T22:54:21
134,348,LIKE,2018-09-16T15:19:14
391,438,LIKE,2017-05-19T21:01:50
480,215,DISLIKE,2019-05-05T20:49:02
224,429,DISLIKE,2018-07-18T16:31:46
153,791,DISLIKE,2018-11-11T01:49:21
33,498,DISLIKE,2020-04-25T04:08:49
55,540,LIKE,2020-05-02T15:02:16
442,747,LIKE,2020-07-11T22:08:05
7,367,LIKE,2020-03-01T21:36:49
244,313,DISLIKE,2020-10-14T22:40:30
313,538,LIKE,2018-07-20T10:00:17
126,921,LIKE,2020-01-15T10:33:30
12,54,DISLIKE,2016-02-21T16:32:29
16,541,LIKE,2019-02-18T10:44:56
208,467,LIKE,2018-10-26T03:00:50
43,865,LIKE,2016-12-06T12:42:37
373,164,LIKE,2019-07-18T03:29:37
484,782,LIKE,2020-12-18T11:59:10
461,334,LIKE,2018-08-13T22:07:19
135,547,LIKE,2016-03-23T18:57:21
228,798,DISLIKE,2020-01-14T12:00:40
111,348,LIKE,2018-04-04T23:23:02
307,273,LIKE,2020-12-02T06:10:21
457,963,LIKE,2020-11-29T15:32:32
160,720,LIKE,2017-12-07T22:51:09
331,750,LIKE,2016-06-08T13:19:06
264,414,LIKE,2020-12-17T22:38:57
225,500,LIKE,2020-02-01T16:51:29
471,93,LIKE,2017-06-13T18:18:03
217,685,LIKE,2020-06-16T17:35:45
456,79,LIKE,2019-03-27T05:02:46
45,622,LIKE,2017-04-04T02:57:19
214,217,LIKE,2018-01-22T11:29:04
59,947,LIKE,2016-04-08T02:04:04
132,358,DISLIKE,2020-11-13T21:56:00
104,618,LIKE,2016-12-07T10:24:14
195,507,LIKE,2017-08-15T17:54:39
413,559,LIKE,2016-02-28T20:04:21
489,181,LIKE,2019-10-02T06:13:09
157,576,LIKE,2018-09-01T14:36:24
98,246,LIKE,2019-07-25T02:31:20
226,244,LIKE,2017-04-15T11:31:59
412,506,LIKE,2019-07-07T00:32:15
205,422,LIKE,2017-09-25T11:15:56
79,320,LIKE,2019-06-28T23:57:26
124,87,LIKE,2020-04-08T02:22:27
471,217,LIKE,2020-01-05T05:27:06
428,490,DISLIKE,2016-07-12T12:01:45
218,519,LIKE,2017-03-05T00:10:34
4,278,LIKE,2020-05-30T11:49:24
90,849,LIKE,2017-10-06T04:31:05
104,722,LIKE,2020-10-08T14:44:56
393,169,LIKE,2018-10-06T21:26:59
119,330,LIKE,2020-01-26T05:55:33
133,650,LIKE,2020-06-20T14:24:58
312,441,LIKE,2019-03-16T18:05:30
96,391,DISLIKE,2018-09-01T19:05:20
468,496,LIKE,2017-06-22T01:25:03
434,381,LIKE,2019-11-29T02:59:48
331,306,DISLIKE,2020-07-14T08:50:06
143,742,DISLIKE,2018-11-29T13:45:08
288,987,LIKE,2020-08-24T05:05:00
28,820,LIKE,2019-01-05T17:33:08
278,673,DISLIKE,2018-04-01T08:16:22
233,513,LIKE,2020-02-13T07:05:07
17,748,LIKE,2017-08-20T08:15:19
59,949,LIKE,2018-02-04T21:47:57
90,188,LIKE,2018-05-16T20:13:28
492,930,LIKE,2020-09-29T21:57:24
199,516,LIKE,2018-07-16T09:42:39
362,913,LIKE,2017-11-29T15:18:04
441,644,LIKE,2018-07-13T15:45:00
26,427,LIKE,2018-06-16T21:42:37
25,502,DISLIKE,2017-10-05T23:45:09
394,730,DISLIKE,2020-02-28T06:42:45
301,260,LIKE,2018-09-12T00:16:16
339,513,LIKE,2020-01-30T16:44:10
267,71,LIKE,2018-12-19T16:38:59
461,478,LIKE,2020-10-07T08:59:01
181,178,LIKE,2018-04-29T14:28:18
456,457,LIKE,2018-06-13T03:07:52
360,189,DISLIKE,2017-01-13T15:35:30
68,291,LIKE,2020-11-16T17:31:46
495,520,LIKE,2020-08-14T15:14:51
351,765,LIKE,2019-03-25T16:03:00
412,920,LIKE,2019-05-10T18:28:18
459,979,LIKE,2018-12-08T07:06:23
491,292,LIKE,2017-03-31T02:03:05
321,946,LIKE,2018-06-21T09:43:11
49,756,DISLIKE,2016-05-10T16:42:16
175,635,LIKE,2018-06-12T15:16:20
52,811,DISLIKE,2016-09-02T12:51:42
102,283,LIKE,2018-12-12T02:44:07
216,544,LIKE,2019-10-06T09:57:12
438,846,LIKE,2018-03-07T17:50:54
188,377,LIKE,2020-01-28T10:44:21
57,658,LIKE,2017-10-26T20:00:47
47,156,LIKE,2017-09-19T19:16:56
159,508,LIKE,2020-07-31T07:16:50
489,413,LIKE,2018-04-22T09:07:14
174,528,LIKE,2020-10-12T03:06:03
242,355,LIKE,2018-04-23T21:33:53
282,559,LIKE,2017-03-02T11:48:49
241,763,LIKE,2016-12-05T08:31:27
370,187,LIKE,2020-12-28T05:15:13
5,31,DISLIKE,2018-01-13T10:09:51
84,260,LIKE,2018-01-23T06:58:55
308,421,LIKE,2016-06-06T17:20:40
361,529,LIKE,2020-07-07T21:19:25
459,551,LIKE,2017-12-02T03:17:51
248,304,LIKE,2017-12-24T09:33:08
54,942,DISLIKE,2016-06-12T02:01:14
161,986,DISLIKE,2016-11-07T07:18:04
434,944,LIKE,2019-07-08T01:59:00
422,39,LIKE,2018-10-23T04:28:38
411,489,LIKE,2020-01-07T16:59:18
226,644,LIKE,2016-11-08T09:10:17
15,542,LIKE,2017-03-03T02:17:06
224,670,LIKE,2016-01-17T02:21:22
61,278,LIKE,2020-09-05T21:15:40
122,203,DISLIKE,2017-05-05T16:56:25
277,66,LIKE,2019-06-18T05:13:07
46,108,LIKE,2020-01-17T22:44:10
453,268,DISLIKE,2020-01-23T09:08:30
390,222,LIKE,2017-09-11T16:30:54
294,804,DISLIKE,2018-06-11T10:32:33
62,530,LIKE,2018-09-24T19:59:59
86,90,LIKE,2018-06-05T18:06:37
446,693,DISLIKE,2016-07-02T19:28:55
210,255,LIKE,2016-10-04T22:40:28
78,455,LIKE,2020-11-18T18:29:09
202,253,LIKE,2017-12-22T11:35:34
302,257,LIKE,2020-07-20T15:50:44
397,383,LIKE,2016-04-25T21:09:31
223,442,DISLIKE,2017-06-27T21:46:33
222,858,DISLIKE,2019-07-22T07:45:44
3,599,DISLIKE,2017-06-30T03:45:20
478,90,LIKE,2016-04-22T21:41:42
6,749,LIKE,2019-05-18T10:03:38
93,390,LIKE,2020-03-19T02:30:02
8,582,DISLIKE,2017-08-01T20:24:06
428,44,LIKE,2018-06-18T08:13:19
493,712,LIKE,2016-04-26T09:40:51
235,664,LIKE,2016-01-29T19:00:36
108,598,LIKE,2018-07-16T01:44:09
161,19,LIKE,2020-10-30T14:18:22
209,101,DISLIKE,2016-11-29T08:55:09
240,914,DISLIKE,2018-11-06T22:33:03
331,607,LIKE,2018-06-03T02:27:16
333,766,LIKE,2019-11-12T14:43:20
50,357,DISLIKE,2020-08-14T23:25:13
11,542,LIKE,2020-06-17T00:01:24
351,761,LIKE,2020-03-14T12:46:45
156,938,LIKE,2017-02-20T22:40:22
492,33,LIKE,2020-04-15T12:49:19
70,970,LIKE,2019-12-25T02:09:29
169,229,LIKE,2018-04-27T16:12:26
272,524,LIKE,2017-08-22T01:03:35
68,630,LIKE,2016-12-15T23:33:04
355,862,DISLIKE,2018-10-24T09:35:37
252,155,DISLIKE,2017-05-19T20:27:00
48,423,DISLIKE,2019-11-26T19:08:34
184,905,LIKE,2018-03-10T07:03:34
320,246,LIKE,2017-08-01T12:00:32
187,405,LIKE,2016-02-13T18:11:36
90,844,DISLIKE,2018-11-13T08:54:21
446,759,LIKE,2018-07-05T14:36:10
332,541,LIKE,2020-10-30T00:50:11
139,161,LIKE,2017-08-23T03:08:59
357,747,LIKE,2017-06-29T05:50:56
89,702,LIKE,2019-06-13T19:33:12
274,117,DISLIKE,2019-08-21T19:51:57
19,271,DISLIKE,2020-05-19T22:06:39
471,770,LIKE,2018-10-15T19:59:03
311,692,DISLIKE,2016-09-26T11:38:13
358,487,LIKE,2019-05-30T08:17:35
374,885,LIKE,2016-10-23T08:25:44
466,172,LIKE,2017-07-28T02:17:05
154,950,LIKE,2017-03-12T20:46:53
390,274,LIKE,2020-01-23T09:33:29
260,259,DISLIKE,2018-10-02T09:29:21
108,135,LIKE,2018-02-09T15:43:52
371,683,LIKE,2016-01-22T05:17:27
285,722,LIKE,2018-03-21T05:33:34
59,748,DISLIKE,2019-04-06T17:22:47
125,422,LIKE,2018-01-01T17:44:14
354,421,LIKE,2019-10-19T23:00:53
273,186,LIKE,2018-04-09T12:32:22
107,929,LIKE,2018-10-21T02:38:38
299,364,LIKE,2018-07-27T02:42:48
245,955,LIKE,2020-12-14T15:25:17
336,607,LIKE,2020-11-14T20:49:53
450,378,LIKE,2016-02-05T12:42:36
418,523,DISLIKE,2018-03-23T14:48:59
247,580,LIKE,2019-01-22T02:08:49
8,891,LIKE,2018-01-04T03:59:50
141,722,DISLIKE,2016-07-12T00:19:32
362,196,LIKE,2017-01-02T07:29:01
8,881,DISLIKE,2019-12-16T22:21:56
478,98,LIKE,2018-08-11T05:08:20
352,605,LIKE,2017-05-11T05:20:59
484,984,LIKE,2019-06-13T14:03:12
495,22,DISLIKE,2020-04-10T06:38:30
94,450,LIKE,2018-08-24T04:11:46
321,172,LIKE,2016-12-30T19:09:08
427,383,DISLIKE,2018-07-05T15:35:53
39,134,LIKE,2019-02-15T22:03:34
81,426,LIKE,2017-11-17T03:42:46
187,25,LIKE,2017-11-11T19:24:45
84,503,LIKE,2017-02-18T23:36:37
88,185,LIKE,2020-01-25T15:49:36
242,85,LIKE,2017-04-20T22:20:37
342,567,LIKE,2019-11-14T13:40:06
93,763,LIKE,2019-03-06T19:29:14
86,144,DISLIKE,2019-07-15T23:41:47
44,863,DISLIKE,2020-09-02T09:53:34
137,910,LIKE,2020-01-02T19:29:09
421,679,DISLIKE,2020-07-28T00:13:25
74,412,LIKE,2017-11-09T13:57:02
36,224,LIKE,2018-02-07T20:21:35
101,220,LIKE,2016-09-11T08:41:33
476,179,LIKE,2020-06-20T16:36:58
156,631,LIKE,2019-10-19T23:56:36
426,433,DISLIKE,2020-06-28T23:26:32
255,265,LIKE,2019-01-29T00:38:06
171,954,DISLIKE,2016-08-30T15:45:38
469,429,LIKE,2020-10-18T19:28:08
216,662,LIKE,2016-12-14T14:53:39
170,416,LIKE,2016-07-10T21:00:49
252,453,LIKE,2020-08-28T11:41:15
360,727,LIKE,2020-04-19T11:50:49
322,197,LIKE,2017-09-20T01:54:07
55,554,LIKE,2020-11-14T07:43:55
456,53,LIKE,2020-07-25T08:16:54
432,480,LIKE,2017-04-10T13:48:13
91,443,LIKE,2017-05-26T04:46:46
278,330,DISLIKE,2018-10-16T10:13:26
101,251,LIKE,2020-06-04T15:28:38
155,807,LIKE,2019-10-04T18:01:11
377,890,DISLIKE,2016-12-27T03:29:02
349,783,LIKE,2017-09-30T03:50:41
451,967,LIKE,2020-12-16T18:38:32
364,925,DISLIKE,2020-02-27T17:39:19
141,123,LIKE,2016-10-09T13:06:00
173,879,LIKE,2020-05-04T16:20:40
10,387,LIKE,2019-10-16T01:35:48
228,339,DISLIKE,2016-06-21T20:30:23
265,778,DISLIKE,2019-11-09T18:21:47
438,348,LIKE,2017-02-13T22:28:58
248,29,LIKE,2020-05-13T14:31:58
247,975,LIKE,2019-07-14T16:18:04
155,35,LIKE,2019-11-20T05:21:46
34,518,LIKE,2020-10-18T00:15:57
499,396,LIKE,2016-06-28T09:09:58
129,623,DISLIKE,2020-10-02T02:56:20
160,294,DISLIKE,2019-12-07T13:25:31
89,589,LIKE,2018-08-15T10:47:16
93,349,LIKE,2016-03-08T15:19:22
327,147,LIKE,2019-05-15T04:04:32
241,67,LIKE,2018-03-01T13:42:19
323,904,LIKE,2016-01-10T08:50:59
468,520,DISLIKE,2017-11-07T23:53:57
404,122,LIKE,2020-12-01T18:00:48
117,340,LIKE,2016-08-14T21:28:34
94,175,LIKE,2016-05-20T17:03:08
163,900,LIKE,2019-08-09T09:10:01
99,691,LIKE,2018-12-06T09:56:03
113,597,LIKE,2016-07-17T02:17:01
359,451,LIKE,2020-08-08T08:04:31
91,557,DISLIKE,2016-07-06T04:59:07
346,136,LIKE,2016-08-02T10:26:25
206,855,LIKE,2020-01-06T16:10:48
17,16,LIKE,2016-04-08T14:19:25
274,333,LIKE,2018-06-10T23:02:05
173,195,LIKE,2019-06-24T07:19:42
116,496,LIKE,2017-07-13T04:22:48
349,9,LIKE,2017-02-24T18:18:29
468,828,LIKE,2019-07-30T00:27:29
181,334,LIKE,2019-03-09T09:49:47
91,333,LIKE,2019-04-03T07:44:51
82,327,DISLIKE,2019-10-25T13:21:09
324,15,LIKE,2019-03-18T20:10:05
449,839,LIKE,2019-03-13T02:09:41
114,614,LIKE,2016-09-06T07:52:23
257,226,LIKE,2020-08-02T13:08:32
58,425,DISLIKE,2017-02-17T04:26:18
154,790,LIKE,2018-12-16T11:36:09
365,408,DISLIKE,2017-01-03T13:55:49
404,113,DISLIKE,2017-07-08T11:57:28
116,997,LIKE,2020-07-27T04:53:46
343,428,LIKE,2019-05-06T04:34:32
266,1,LIKE,2020-07-01T01:21:29
315,266,DISLIKE,2017-01-30T15:41:12
203,491,LIKE,2017-11-22T20:59:09
41,208,LIKE,2016-01-11T18:59:14
105,622,LIKE,2016-03-11T15:16:06
389,712,LIKE,2018-07-15T23:33:25
378,952,LIKE,2019-12-09T12:04:22
193,369,LIKE,2020-08-18T12:47:13
401,985,LIKE,2019-08-10T17:16:41
278,306,DISLIKE,2020-07-10T15:50:41
354,12,LIKE,2019-03-24T08:54:11
237,345,LIKE,2017-12-14T12:59:38
425,465,LIKE,2018-02-07T23:50:07
221,700,LIKE,2019-12-02T02:42:36
68,666,LIKE,2018-12-11T11:32:27
197,494,LIKE,2017-04-26T22:41:17
256,368,LIKE,2018-05-06T09:56:01
139,846,LIKE,2017-08-08T14:07:15
312,937,LIKE,2016-12-16T14:18:23
435,420,LIKE,2016-04-10T02:17:48
149,889,LIKE,2019-07-26T12:50:41
99,791,LIKE,2016-02-18T14:38:06
76,171,LIKE,2018-01-17T17:22:46
282,134,LIKE,2017-10-02T06:33:34
371,965,LIKE,2016-07-28T01:34:25
403,427,LIKE,2016-11-09T11:24:14
109,25,DISLIKE,2016-04-14T07:37:42
188,530,DISLIKE,2019-10-19T01:03:30
199,190,LIKE,2016-05-31T05:34:10
303,141,LIKE,2018-01-30T08:42:03
327,555,DISLIKE,2016-05-17T10:31:47
154,846,LIKE,2019-06-03T19:04:42
40,796,LIKE,2019-09-25T19:26:23
133,658,DISLIKE,2017-12-29T01:36:10
405,315,LIKE,2020-08-03T23:24:30
462,444,LIKE,2017-11-06T00:45:58
132,319,LIKE,2016-06-24T08:46:21
279,441,LIKE,2017-03-11T09:15:57
362,92,LIKE,2020-04-14T13:11:51
84,179,LIKE,2018-06-17T17:02:47
399,56,LIKE,2017-12-28T12:20:53
242,155,LIKE,2020-11-24T21:54:01
116,672,LIKE,2018-09-17T19:10:58
109,111,LIKE,2020-11-29T03:38:34
221,137,LIKE,2018-09-23T06:31:27
392,232,LIKE,2018-01-06T00:50:42
41,992,LIKE,2018-07-26T13:11:13
368,468,DISLIKE,2017-03-21T02:16:18
147,732,LIKE,2020-06-07T11:17:45
112,481,LIKE,2017-11-17T18:08:29
103,68,LIKE,2019-07-08T21:17:02
46,814,LIKE,2018-07-22T14:58:30
412,249,LIKE,2018-05-04T20:57:49
494,994,LIKE,2016-07-08T09:19:51
475,323,LIKE,2020-09-25T15:54:40
324,922,LIKE,2017-06-28T02:52:37
378,904,DISLIKE,2019-08-20T06:23:03
271,518,DISLIKE,2020-09-22T23:13:47
483,976,LIKE,2020-03-19T20:09:53
421,792,LIKE,2016-05-25T15:55:52
385,432,LIKE,2018-12-06T01:25:50
195,487,LIKE,2019-03-30T04:56:57
367,606,LIKE,2020-06-17T10:48:00
280,429,LIKE,2018-09-17T06:33:49
283,269,DISLIKE,2019-07-17T11:24:53
40,709,LIKE,2019-06-22T10:00:38
447,537,LIKE,2017-04-08T14:28:17
189,148,LIKE,2018-07-20T17:18:24
164,118,LIKE,2019-03-15T14:54:22
482,850,LIKE,2017-07-25T07:00:37
477,367,LIKE,2020-07-29T06:50:19
24,850,DISLIKE,2020-01-11T04:07:20
24,66,LIKE,2018-01-18T15:53:24
490,970,LIKE,2017-12-01T02:54:26
4,813,DISLIKE,2018-07-23T08:31:56
323,370,LIKE,2017-03-24T11:38:46
290,175,LIKE,2019-12-09T13:39:29
441,831,LIKE,2016-06-28T00:45:07
433,588,LIKE,2020-10-13T06:32:09
471,495,LIKE,2019-07-06T03:27:48
181,973,LIKE,2019-07-18T01:04:38
248,114,DISLIKE,2020-09-27T10:18:44
116,111,LIKE,2020-07-04T15:03:14
279,761,LIKE,2017-02-20T14:40:48
365,439,LIKE,2019-04-21T18:37:25
69,715,LIKE,2018-01-24T12:50:36
351,147,LIKE,2018-03-03T05:51:12
254,35,LIKE,2017-09-23T17:53:08
181,999,LIKE,2018-10-23T02:11:36
318,309,LIKE,2016-09-02T15:55:07
169,538,DISLIKE,2019-10-29T10:32:10
313,750,LIKE,2019-02-26T21:32:36
249,14,LIKE,2016-10-14T06:36:54
188,374,DISLIKE,2020-07-22T03:52:49
54,557,LIKE,2017-08-14T19:20:21
326,428,LIKE,2016-06-09T02:50:58
357,728,DISLIKE,2018-04-14T01:56:48
313,233,LIKE,2019-03-17T19:40:57
138,705,LIKE,2016-05-02T20:52:45
168,563,LIKE,2016-08-14T03:11:35
391,939,LIKE,2017-08-07T14:28:19
103,887,LIKE,2020-12-30T13:24:55
422,726,LIKE,2020-10-02T06:54:43
85,663,LIKE,2017-11-05T05:55:29
317,440,LIKE,2020-01-29T10:13:22
212,502,LIKE,2017-10-10T23:53:56
3,275,LIKE,2018-10-31T11:37:06
384,850,DISLIKE,2018-07-30T23:20:14
179,76,LIKE,2016-02-17T15:21:51
342,439,DISLIKE,2017-10-20T01:31:55
303,732,LIKE,2017-08-13T09:11:36
452,860,LIKE,2016-12-30T11:43:46
476,956,LIKE,2020-01-27T22:55:43
332,699,LIKE,2018-01-23T17:03:31
38,289,LIKE,2017-09-27T09:36:19
499,915,LIKE,2019-05-17T07:01:46
420,540,LIKE,2018-01-13T13:48:34
239,891,LIKE,2020-09-11T06:00:57
169,692,LIKE,2018-09-26T05:21:11
453,253,LIKE,2018-05-29T10:25:25
397,126,LIKE,2019-03-28T16:11:48
343,177,LIKE,2019-12-19T14:09:15
314,37,LIKE,2020-07-15T23:50:15
306,410,LIKE,2019-01-21T04:20:03
30,611,LIKE,2018-08-16T05:37:56
190,610,DISLIKE,2018-03-23T15:26:55
357,127,LIKE,2019-01-22T09:02:46
25,483,LIKE,2020-05-12T06:22:21
112,168,LIKE,2020-03-24T23:40:56
411,592,DISLIKE,2019-12-18T19:46:55
435,294,LIKE,2016-11-02T08:45:44
206,845,DISLIKE,2019-12-29T15:44:35
185,638,LIKE,2018-09-21T22:19:27
382,343,LIKE,2017-09-23T02:17:00
496,310,DISLIKE,2019-02-25T17:45:45
379,662,LIKE,2018-08-30T05:09:25
47,528,LIKE,2019-07-10T00:52:15
374,540,LIKE,2016-05-22T00:47:26
228,419,DISLIKE,2020-10-13T16:53:01
39,444,LIKE,2017-11-18T11:23:32
16,685,LIKE,2017-03-29T08:47:10
22,558,LIKE,2016-02-20T09:26:36
213,840,LIKE,2018-03-21T04:43:37
310,236,DISLIKE,2020-09-15T01:54:01
149,439,LIKE,2020-12-19T12:34:29
456,214,LIKE,2020-12-04T08:01:34
241,85,DISLIKE,2019-07-21T08:52:40
272,794,LIKE,2018-07-06T03:07:56
59,744,LIKE,2017-04-18T12:37:06
287,85,LIKE,2017-09-01T13:07:11
426,921,LIKE,2018-10-21T20:32:18
202,489,LIKE,2017-12-15T15:25:54
32,65,LIKE,2019-03-26T02:54:22
443,646,LIKE,2020-11-05T06:35:07
162,663,LIKE,2018-02-02T10:57:28
255,627,DISLIKE,2020-03-31T06:37:00
254,64,LIKE,2020-09-06T18:52:59
9,343,LIKE,2018-11-14T18:37:02
465,939,LIKE,2018-03-10T11:40:24
139,875,DISLIKE,2020-02-27T02:13:46
480,919,LIKE,2020-03-04T05:27:28
10,352,LIKE,2019-12-02T17:54:02
214,158,LIKE,2017-06-06T16:24:35
273,589,LIKE,2018-12-30T04:09:31
324,491,LIKE,2017-06-09T21:21:59
48,658,LIKE,2017-03-10T20:03:50
436,855,LIKE,2020-08-25T01:26:52
111,463,DISLIKE,2020-02-26T03:30:14
153,225,LIKE,2017-07-25T19:35:46
123,917,LIKE,2020-08-11T08:39:12
405,313,LIKE,2016-07-01T11:22:45
357,615,LIKE,2020-06-15T20:07:38
102,919,LIKE,2016-04-15T02:04:55
241,859,LIKE,2016-08-18T22:28:37
321,813,LIKE,2016-05-30T17:29:43
191,940,LIKE,2016-01-20T20:00:45
217,466,LIKE,2019-07-05T06:11:34
51,88,LIKE,2017-03-03T04:06:40
292,883,LIKE,2017-12-20T00:55:28
81,303,LIKE,2016-07-30T04:03:24
489,680,LIKE,2017-04-14T05:35:12
383,435,LIKE,2016-01-29T09:38:13
88,682,LIKE,2017-11-10T12:55:14
194,135,DISLIKE,2020-04-20T06:10:46
104,50,LIKE,2019-11-17T18:32:41
271,432,LIKE,2019-03-05T11:51:39
96,340,LIKE,2016-07-06T19:29:14
423,347,LIKE,2020-02-10T06:18:47
379,646,LIKE,2020-02-24T17:03:35
198,347,DISLIKE,2016-02-18T21:02:44
1,649,LIKE,2016-01-21T13:03:10
495,245,DISLIKE,2020-07-11T12:38:20
407,109,DISLIKE,2020-09-09T21:31:30
378,825,LIKE,2019-07-01T23:37:20
167,799,LIKE,2016-02-06T19:40:21
126,533,LIKE,2016-02-21T23:11:30
313,90,LIKE,2020-07-02T20:14:26
81,296,DISLIKE,2018-05-03T14:09:15
418,112,LIKE,2020-07-22T11:31:41
251,813,DISLIKE,2018-06-09T17:02:49
169,589,LIKE,2016-02-23T06:14:40
477,177,DISLIKE,2020-04-09T07:56:28
73,343,DISLIKE,2019-08-30T17:51:54
141,660,LIKE,2017-07-10T23:06:17
70,101,LIKE,2016-11-28T11:43:22
262,758,LIKE,2016-10-26T05:41:02
340,629,DISLIKE,2020-06-17T05:00:34
308,604,DISLIKE,2017-04-07T14:36:05
245,401,LIKE,2018-01-18T15:56:19
3,28,LIKE,2017-08-19T07:29:29
337,937,LIKE,2020-06-23T15:24:13
63,962,DISLIKE,2018-02-23T05:39:52
49,537,LIKE,2019-01-06T05:02:38
76,58,DISLIKE,2018-04-10T13:10:37
368,498,LIKE,2019-05-18T02:44:32
175,297,LIKE,2016-09-02T12:06:07
109,134,LIKE,2019-03-05T00:44:30
183,331,LIKE,2019-06-15T11:35:52
192,249,LIKE,2019-11-27T01:21:09
65,550,LIKE,2020-10-21T09:36:59
337,902,LIKE,2018-01-25T14:53:41
451,941,LIKE,2017-12-02T17:08:15
474,75,LIKE,2018-07-20T23:43:49
271,654,LIKE,2016-09-07T11:13:59
100,834,DISLIKE,2016-04-08T10:34:05
32,168,LIKE,2016-10-17T11:54:10
352,771,DISLIKE,2019-06-13T03:44:24
128,503,LIKE,2019-03-24T07:58:31
452,885,LIKE,2019-03-17T19:48:05
402,355,LIKE,2020-09-13T04:24:23
369,225,LIKE,2020-01-18T21:30:46
339,664,LIKE,2016-06-23T08:13:58
43,531,LIKE,2016-01-30T08:39:20
372,146,LIKE,2017-06-16T11:17:08
419,960,LIKE,2016-09-13T21:31:26
488,241,LIKE,2020-04-02T00:08:34
78,884,LIKE,2019-09-10T02:38:55
314,893,LIKE,2018-10-26T05:19:39
289,344,LIKE,2020-10-24T01:19:41
270,749,LIKE,2016-10-23T06:41:37
162,35,LIKE,2020-06-28T22:24:10
189,702,LIKE,2016-05-12T04:53:21
247,1,DISLIKE,2017-12-14T20:37:55
388,996,DISLIKE,2017-10-18T20:23:53
216,153,LIKE,2020-10-26T22:29:20
315,429,LIKE,2020-01-17T07:52:16
413,945,LIKE,2018-04-22T06:18:44
339,508,LIKE,2016-05-24T15:54:43
390,126,LIKE,2016-08-18T23:47:35
377,491,LIKE,2018-05-21T02:07:36
481,482,LIKE,2020-08-14T03:18:13
433,345,LIKE,2020-10-16T18:20:27
168,912,LIKE,2016-04-12T05:20:05
339,738,LIKE,2017-07-11T05:38:26
193,221,LIKE,2018-09-04T01:40:42
453,915,LIKE,2016-02-18T15:33:07
283,919,LIKE,2017-10-05T14:49:43
336,723,LIKE,2020-12-28T20:35:05
390,25,LIKE,2017-03-23T23:42:07
488,528,LIKE,2019-05-22T11:06:13
13,182,LIKE,2016-08-27T00:52:30
240,499,DISLIKE,2018-07-18T19:42:08
320,841,LIKE,2017-05-19T17:10:06
446,641,DISLIKE,2020-10-18T03:46:17
483,42,LIKE,2018-01-17T02:54:23
147,915,LIKE,2020-10-26T15:54:36
204,481,LIKE,2019-04-24T01:37:11
80,930,LIKE,2020-08-06T11:15:23
379,848,LIKE,2018-10-27T15:34:11
43,748,LIKE,2019-04-07T13:38:53
458,872,LIKE,2017-03-10T19:28:20
89,439,DISLIKE,2016-08-31T15:59:32
148,402,LIKE,2020-04-04T21:49:16
95,546,LIKE,2018-12-10T13:09:12
452,345,LIKE,2016-06-15T19:53:46
428,893,LIKE,2016-10-30T11:58:48
151,45,DISLIKE,2019-09-19T23:39:44
2,646,DISLIKE,2017-12-22T05:54:40
376,21,DISLIKE,2016-08-24T04:19:53
22,634,LIKE,2018-11-24T04:26:08
371,70,LIKE,2019-05-17T12:19:22
313,864,LIKE,2018-10-11T00:24:24
485,873,DISLIKE,2016-04-02T01:02:57
328,48,LIKE,2018-04-29T04:44:24
7,491,LIKE,2019-10-31T19:27:26
206,551,LIKE,2020-03-04T06:02:42
440,287,LIKE,2017-12-09T19:13:52
375,10,LIKE,2019-01-10T11:12:21
451,542,LIKE,2020-09-14T05:28:52
114,756,DISLIKE,2019-03-12T09:51:56
272,274,DISLIKE,2019-09-03T16:55:00
83,956,LIKE,2017-07-31T01:37:02
179,600,LIKE,2020-12-25T06:00:55
210,756,DISLIKE,2019-03-26T20:16:33
500,381,DISLIKE,2016-09-23T05:48:59
464,329,LIKE,2018-07-06T17:05:25
328,479,LIKE,2018-02-04T16:37:39
124,15,LIKE,2016-08-16T09:03:20
481,516,DISLIKE,2016-09-11T21:11:51
113,191,LIKE,2018-04-12T13:26:34
12,168,LIKE,2017-04-24T03:32:54
126,521,LIKE,2019-03-26T14:51:10
53,621,DISLIKE,2017-04-24T07:43:06
331,137,LIKE,2019-04-25T12:19:13
389,154,LIKE,2018-09-10T21:14:25
283,388,LIKE,2019-01-25T15:45:31
140,209,LIKE,2016-11-27T01:00:45
401,272,LIKE,2016-10-11T08:15:29
390,143,LIKE,2016-01-17T03:23:01
97,611,LIKE,2018-08-15T18:05:15
5,889,DISLIKE,2019-10-13T17:54:35
57,820,LIKE,2019-01-23T05:23:36
412,69,LIKE,2018-04-18T03:14:38
334,247,LIKE,2016-11-13T14:55:37
69,261,LIKE,2017-02-15T16:26:18
118,788,LIKE,2016-09-28T05:21:12
376,79,DISLIKE,2017-08-05T04:56:39
59,658,LIKE,2019-09-01T00:09:42
33,623,LIKE,2019-10-26T12:12:37
318,770,DISLIKE,2020-09-26T11:48:50
50,605,LIKE,2020-09-19T12:24:44
368,525,DISLIKE,2020-05-11T02:21:32
489,772,LIKE,2019-06-21T17:58:44
19,938,LIKE,2016-11-16T22:04:44
214,621,LIKE,2016-03-22T14:13:46
197,330,LIKE,2016-10-05T10:27:54
379,189,LIKE,2019-01-04T13:45:42
450,95,LIKE,2020-09-17T21:37:26
478,617,LIKE,2016-10-16T03:22:27
47,8,DISLIKE,2018-10-04T23:16:42
167,67,LIKE,2019-04-11T21:25:17
452,496,DISLIKE,2016-02-08T08:10:59
289,191,LIKE,2018-06-25T17:42:57
141,366,LIKE,2019-07-09T15:54:54
84,768,LIKE,2019-04-19T20:25:50
182,521,LIKE,2016-09-20T03:39:12
391,990,DISLIKE,2020-10-04T10:04:07
79,117,LIKE,2018-01-24T04:11:39
215,267,LIKE,2020-11-12T00:27:38
14,611,LIKE,2020-06-07T00:22:13
215,485,LIKE,2017-06-10T21:01:09
403,509,LIKE,2019-03-28T21:26:15
128,298,LIKE,2017-06-10T14:57:59
310,909,LIKE,2017-03-07T08:39:55
477,164,LIKE,2018-04-15T12:03:05
248,376,LIKE,2018-07-24T13:58:28
404,653,LIKE,2018-04-13T21:51:40
29,268,LIKE,2020-03-12T01:59:10
280,549,DISLIKE,2017-03-29T09:41:21
338,74,LIKE,2016-07-15T13:32:27
319,508,LIKE,2017-06-03T11:53:14
202,73,LIKE,2019-09-12T11:48:43
361,308,LIKE,2018-05-07T09:12:30
57,199,DISLIKE,2019-08-01T07:39:58
392,130,LIKE,2018-07-20T07:08:52
218,758,LIKE,2020-02-13T10:54:13
62,824,LIKE,2016-08-26T23:40:21
157,572,LIKE,2019-01-26T23:25:31
202,791,LIKE,2018-02-21T00:05:33
17,615,LIKE,2018-02-05T03:05:16
322,808,LIKE,2020-03-20T09:42:32
6,832,LIKE,2017-08-30T13:07:56
58,487,LIKE,2019-11-23T12:38:17
325,853,LIKE,2016-11-28T08:26:17
412,151,LIKE,2017-02-24T22:49:53
318,669,LIKE,2018-08-04T12:56:49
169,206,LIKE,2016-01-22T00:36:41
453,986,LIKE,2019-05-14T08:55:57
82,179,LIKE,2018-10-29T03:54:38
474,197,LIKE,2019-03-26T06:38:53
468,735,DISLIKE,2018-10-20T20:24:40
425,89,DISLIKE,2019-09-29T17:24:00
433,799,LIKE,2018-11-05T23:44:30
219,434,LIKE,2019-08-30T21:04:20
177,788,LIKE,2017-02-26T22:10:35
204,748,LIKE,2018-07-22T10:04:42
71,183,LIKE,2018-09-23T06:31:36
387,209,LIKE,2017-09-16T00:34:20
266,493,DISLIKE,2020-01-28T05:33:18
98,130,LIKE,2018-09-03T03:12:12
345,665,LIKE,2017-07-05T21:35:41
291,13,LIKE,2019-05-22T06:53:43
208,634,LIKE,2018-09-18T12:37:44
2,871,LIKE,2018-06-24T11:56:57
124,732,LIKE,2020-03-05T12:09:30
280,106,LIKE,2020-11-24T04:40:17
74,375,LIKE,2018-01-23T04:27:56
166,582,LIKE,2018-10-09T11:50:21
22,707,LIKE,2019-03-14T08:42:56
154,698,LIKE,2018-05-20T20:41:37
427,99,LIKE,2019-05-05T19:22:01
439,594,LIKE,2019-02-08T01:31:53
295,587,DISLIKE,2016-12-19T20:05:29
219,886,LIKE,2020-10-17T19:44:29
157,852,DISLIKE,2017-09-12T18:10:16
495,192,DISLIKE,2020-08-22T05:03:13
230,325,LIKE,2017-07-13T00:20:43
20,979,LIKE,2020-09-05T02:21:58
475,726,DISLIKE,2016-03-24T15:00:36
41,827,LIKE,2019-12-05T05:02:51
438,956,LIKE,2017-10-13T08:31:02
148,467,DISLIKE,2019-09-24T05:34:15
108,894,LIKE,2018-06-24T03:13:45
403,367,LIKE,2016-08-02T20:50:38
84,318,LIKE,2019-06-25T03:48:29
483,144,LIKE,2020-03-31T06:44:46
367,384,LIKE,2017-03-08T09:56:50
322,216,LIKE,2018-07-29T20:50:19
414,361,LIKE,2018-01-21T22:24:22
309,324,LIKE,2018-02-24T01:18:43
290,15,LIKE,2017-04-23T21:45:08
406,217,LIKE,2019-08-07T14:42:25
323,492,LIKE,2019-03-17T06:28:22
134,951,LIKE,2016-08-17T19:14:24
207,547,LIKE,2019-10-27T04:50:29
283,183,LIKE,2020-01-28T22:19:44
266,270,DISLIKE,2020-12-13T23:15:38
73,945,LIKE,2019-05-30T06:11:39
481,467,LIKE,2020-07-18T05:19:16
352,870,LIKE,2020-04-22T23:46:35
48,612,DISLIKE,2019-07-23T14:45:37
326,519,LIKE,2020-08-16T01:07:28
233,542,LIKE,2016-04-24T05:24:32
443,467,LIKE,2019-01-22T00:27:42
100,305,LIKE,2020-07-26T02:36:43
59,985,LIKE,2016-09-21T00:42:44
258,144,LIKE,2016-12-05T19:10:31
413,111,LIKE,2018-02-10T05:26:33
452,232,DISLIKE,2019-01-07T23:22:34
65,691,LIKE,2017-05-31T19:05:48
83,584,LIKE,2016-05-17T15:00:02
154,722,LIKE,2020-10-15T20:44:54
473,732,DISLIKE,2019-05-26T13:39:30
266,592,LIKE,2018-10-27T05:38:31
309,500,DISLIKE,2019-08-30T09:05:30
79,595,DISLIKE,2016-11-25T03:47:55
315,554,LIKE,2016-02-02T18:29:57
150,273,LIKE,2016-11-02T08:38:16
435,703,LIKE,2018-03-14T20:55:53
48,173,LIKE,2017-11-20T17:36:01
405,973,LIKE,2020-05-05T14:46:48
379,7,LIKE,2020-05-30T20:21:55
248,155,DISLIKE,2020-09-29T15:00:16
278,522,LIKE,2020-12-08T14:34:53
356,546,DISLIKE,2020-11-22T04:39:37
98,548,LIKE,2017-11-17T17:19:15
414,921,LIKE,2019-10-16T23:39:29
25,518,DISLIKE,2019-03-08T08:22:37
493,920,LIKE,2019-04-30T05:04:38
284,914,LIKE,2019-12-09T16:29:43
449,215,LIKE,2020-04-03T21:26:01
369,134,LIKE,2017-04-13T08:21:24
301,285,LIKE,2018-12-07T18:37:57
68,126,LIKE,2016-03-17T07:31:27
7,921,LIKE,2020-02-08T22:01:17
305,439,DISLIKE,2016-11-20T19:45:55
137,849,LIKE,2018-07-06T21:01:23
164,686,DISLIKE,2019-07-16T09:22:33
83,152,LIKE,2016-09-23T17:47:52
385,331,LIKE,2016-12-26T14:45:24
138,538,LIKE,2017-03-16T04:04:00
420,383,LIKE,2018-12-18T05:16:00
73,115,DISLIKE,2018-08-27T00:13:47
237,894,LIKE,2018-12-01T20:54:21
46,482,LIKE,2019-11-15T16:03:42
106,284,LIKE,2017-10-04T17:08:44
416,899,LIKE,2020-06-07T01:08:16
288,75,DISLIKE,2020-02-09T09:34:21
262,166,DISLIKE,2018-12-18T03:09:08
176,189,LIKE,2020-01-19T09:15:06
166,78,LIKE,2016-10-30T07:18:03
145,947,LIKE,2019-09-23T08:01:13
330,602,LIKE,2019-11-06T16:54:29
370,688,DISLIKE,2018-09-17T19:36:50
283,21,LIKE,2016-07-27T16:52:55
54,566,LIKE,2018-07-21T21:18:46
178,184,LIKE,2016-05-18T19:48:35
419,871,DISLIKE,2016-12-23T13:22:46
244,222,LIKE,2016-03-11T04:04:04
341,827,LIKE,2018-12-01T21:44:45
127,328,LIKE,2016-12-05T18:40:20
409,179,LIKE,2017-05-25T15:07:45
412,788,LIKE,2018-01-27T19:28:03
367,112,LIKE,2020-05-22T03:17:39
271,736,LIKE,2017-06-26T00:10:32
132,726,LIKE,2020-09-10T17:24:51
93,59,LIKE,2017-05-12T12:35:02
379,327,LIKE,2018-10-25T08:22:39
73,905,LIKE,2020-10-05T09:21:49
411,621,LIKE,2019-08-17T16:24:19
410,897,LIKE,2019-12-06T13:15:18
403,669,LIKE,2017-12-21T08:24:08
248,191,DISLIKE,2019-06-12T10:31:32
348,200,LIKE,2017-07-27T01:43:16
273,312,LIKE,2017-08-02T02:00:58
43,708,LIKE,2019-09-04T14:16:49
377,35,LIKE,2019-05-14T00:45:37
41,379,LIKE,2016-03-31T16:44:00
170,387,DISLIKE,2017-09-05T01:34:34
434,758,LIKE,2019-10-28T18:44:33
212,237,LIKE,2019-08-27T13:46:53
493,616,LIKE,2019-04-23T01:41:51
168,519,LIKE,2016-01-14T19:49:08
39,283,LIKE,2017-10-29T08:21:30
369,1,LIKE,2017-10-01T08:24:11
245,731,LIKE,2018-05-14T18:53:40
151,464,LIKE,2016-07-13T09:05:28
111,230,DISLIKE,2020-11-28T18:10:49
480,967,DISLIKE,2016-11-12T03:10:56
436,172,LIKE,2020-07-26T01:20:46
47,87,LIKE,2017-08-03T20:44:09
63,553,DISLIKE,2019-02-10T11:30:19
225,123,LIKE,2018-10-09T19:11:48
366,843,LIKE,2017-09-04T06:55:23
69,298,DISLIKE,2019-11-22T13:25:56
299,885,DISLIKE,2016-12-20T01:05:54
432,929,LIKE,2018-03-26T02:29:12
290,690,LIKE,2020-02-29T18:34:14
296,575,LIKE,2020-06-27T13:17:00
203,484,LIKE,2018-08-31T17:06:15
61,165,LIKE,2019-04-22T11:02:37
434,699,LIKE,2019-05-04T14:12:09
451,383,LIKE,2020-12-28T18:14:38
318,209,LIKE,2016-12-20T21:45:39
314,739,LIKE,2018-12-16T23:08:29
161,432,LIKE,2018-12-29T13:53:52
331,389,LIKE,2019-11-23T12:33:34
16,560,LIKE,2017-06-20T00:35:00
338,224,DISLIKE,2018-07-13T03:05:38
94,3,LIKE,2016-09-20T07:33:53
304,372,LIKE,2017-02-20T03:52:10
138,687,DISLIKE,2018-08-31T00:49:18
338,446,LIKE,2017-01-01T04:24:07
38,611,LIKE,2018-01-11T05:16:19
127,116,DISLIKE,2018-08-06T18:47:01
275,270,LIKE,2016-12-29T08:20:33
164,447,LIKE,2017-07-22T16:47:19
443,368,LIKE,2019-03-05T19:43:04
319,253,LIKE,2017-03-15T04:27:25
77,317,DISLIKE,2020-05-06T01:51:46
174,415,DISLIKE,2019-04-21T21:55:14
387,95,LIKE,2019-07-23T10:10:04
458,785,LIKE,2017-03-04T08:07:50
358,892,LIKE,2020-11-20T20:38:42
321,24,LIKE,2019-04-07T03:29:19
376,628,LIKE,2019-08-07T08:03:28
91,663,LIKE,2017-07-31T02:47:58
238,850,LIKE,2020-02-21T00:45:41
264,50,LIKE,2020-07-27T13:54:09
179,502,LIKE,2017-06-22T05:19:22
494,718,LIKE,2020-09-20T01:16:51
490,498,LIKE,2017-06-02T10:23:42
209,335,LIKE,2020-03-01T06:21:21
73,79,LIKE,2018-06-16T09:04:55
390,582,LIKE,2017-03-11T21:16:05
107,27,LIKE,2017-08-04T07:04:52
345,271,LIKE,2018-09-04T08:47:09
295,562,DISLIKE,2019-11-02T05:04:11
369,804,LIKE,2016-06-15T13:32:42
444,247,LIKE,2019-01-20T11:54:03
284,776,LIKE,2016-01-30T18:35:35
353,591,LIKE,2020-02-14T15:03:37
182,387,LIKE,2017-02-28T04:45:58
37,702,DISLIKE,2017-08-29T05:50:04
137,559,LIKE,2019-04-07T20:57:09
338,973,DISLIKE,2020-10-10T18:35:41
56,361,DISLIKE,2020-04-19T08:11:24
187,866,LIKE,2020-03-17T19:37:37
341,984,LIKE,2019-06-25T03:16:05
258,488,LIKE,2020-03-07T17:44:21
445,352,LIKE,2019-07-15T07:39:04
58,701,LIKE,2019-10-10T23:59:05
363,928,LIKE,2020-02-27T08:04:37
123,256,LIKE,2017-06-03T15:19:26
188,222,LIKE,2016-09-13T20:22:07
230,884,LIKE,2020-10-22T15:06:56
168,753,LIKE,2016-04-05T21:08:27
420,781,LIKE,2017-11-16T03:52:19
114,1,LIKE,2018-06-26T11:48:08
252,546,LIKE,2016-04-11T13:55:20
107,446,LIKE,2018-05-03T22:31:08
37,79,DISLIKE,2017-11-29T13:32:25
335,236,LIKE,2020-07-28T07:00:14
92,334,LIKE,2018-06-15T20:49:06
18,889,LIKE,2017-06-06T14:34:12
354,349,LIKE,2019-11-21T20:21:15
63,98,LIKE,2020-10-23T09:57:18
150,82,LIKE,2020-03-18T21:14:23
139,502,LIKE,2020-09-03T22:33:18
186,967,LIKE,2020-05-06T00:27:16
185,477,LIKE,2016-12-17T17:37:25
205,927,LIKE,2020-11-14T08:39:19
260,704,LIKE,2016-12-20T19:51:54
214,765,LIKE,2018-04-12T07:14:40
256,921,DISLIKE,2020-08-14T08:55:54
135,550,LIKE,2019-02-13T19:11:47
61,14,LIKE,2020-08-11T01:41:00
363,392,LIKE,2016-05-09T06:42:19
310,347,LIKE,2019-10-03T06:40:39
88,310,DISLIKE,2020-08-24T11:03:10
324,386,LIKE,2017-11-09T23:40:03
476,209,LIKE,2019-08-13T21:49:53
207,357,LIKE,2016-11-14T04:43:23
129,974,LIKE,2018-02-08T01:17:44
311,601,DISLIKE,2018-07-13T22:47:12
3,568,LIKE,2016-04-10T03:16:21
462,94,DISLIKE,2019-10-29T06:28:27
422,93,LIKE,2018-03-27T12:55:24
242,340,LIKE,2018-12-18T23:46:58
121,597,LIKE,2016-09-27T05:55:22
385,445,DISLIKE,2019-09-26T03:25:28
102,757,LIKE,2016-12-30T16:56:11
38,22,LIKE,2018-01-06T03:58:43
341,291,DISLIKE,2017-10-14T01:39:01
496,485,LIKE,2018-12-25T08:55:49
413,784,LIKE,2019-08-23T06:27:01
133,306,LIKE,2017-05-30T16:29:11
497,634,LIKE,2017-03-08T14:06:40
202,128,LIKE,2017-10-03T22:40:41
348,625,LIKE,2017-10-04T22:46:03
21,939,LIKE,2016-07-03T10:02:27
242,273,LIKE,2020-11-06T03:49:27
455,848,LIKE,2018-12-25T22:41:52
451,442,DISLIKE,2020-07-11T17:43:58
109,503,LIKE,2018-05-23T07:13:05
303,130,LIKE,2020-07-31T21:29:41
84,132,LIKE,2017-06-07T03:07:34
83,597,LIKE,2018-10-02T13:21:44
291,935,LIKE,2018-06-28T04:25:28
452,482,LIKE,2018-06-17T22:15:00
69,862,LIKE,2020-11-14T10:15:37
129,390,LIKE,2018-04-10T14:32:36
196,593,LIKE,2020-05-17T05:33:41
140,999,LIKE,2016-10-22T20:30:10
444,985,LIKE,2017-02-25T06:14:29
283,325,LIKE,2019-07-02T18:50:18
312,69,LIKE,2016-07-03T04:40:33
234,660,DISLIKE,2018-05-11T14:44:29
23,448,LIKE,2017-01-29T05:28:02
153,528,LIKE,2017-02-16T06:08:50
277,819,LIKE,2018-02-14T17:17:04
61,617,LIKE,2017-03-30T08:42:05
319,165,LIKE,2018-09-27T17:16:17
378,488,LIKE,2018-02-08T03:01:08
52,713,LIKE,2019-05-05T01:53:24
344,709,LIKE,2020-02-29T16:41:17
153,426,LIKE,2017-03-17T17:05:07
237,697,LIKE,2020-11-28T23:58:05
311,834,LIKE,2018-04-14T21:00:10
302,265,LIKE,2019-07-10T22:51:41
32,875,LIKE,2019-03-11T14:52:35
55,612,LIKE,2019-11-05T06:56:45
352,342,LIKE,2016-08-22T14:54:05
389,832,DISLIKE,2016-10-16T05:39:01
36,726,DISLIKE,2019-06-05T14:43:51
110,278,LIKE,2020-05-20T22:55:37
490,674,LIKE,2018-05-14T10:00:39
177,439,LIKE,2019-02-20T15:56:28
362,157,LIKE,2019-11-13T16:33:52
314,422,LIKE,2020-02-25T07:14:03
295,251,LIKE,2018-10-13T20:27:26
336,878,DISLIKE,2020-12-13T01:45:03
97,609,LIKE,2016-01-08T16:24:22
369,530,LIKE,2016-10-16T09:08:43
213,327,LIKE,2019-11-25T08:27:14
317,961,LIKE,2019-01-17T23:01:21
137,895,LIKE,2016-07-15T18:16:40
6,97,LIKE,2020-07-18T09:34:35
499,513,LIKE,2019-05-20T15:50:41
109,216,LIKE,2017-11-07T18:34:36
35,132,DISLIKE,2019-08-27T20:30:41
39,260,LIKE,2017-10-20T04:47:24
150,125,LIKE,2020-03-17T00:37:12
425,82,LIKE,2018-04-14T07:33:28
118,283,LIKE,2018-09-30T02:34:12
261,683,LIKE,2018-05-31T02:13:57
426,59,DISLIKE,2018-11-15T08:50:59
87,544,LIKE,2020-08-27T10:25:52
465,161,DISLIKE,2020-11-30T13:51:21
76,284,LIKE,2017-02-09T17:48:46
471,106,LIKE,2020-10-24T22:36:54
464,105,DISLIKE,2020-02-16T21:25:01
451,439,LIKE,2018-12-03T23:05:01
414,228,LIKE,2016-05-30T09:39:22
313,700,LIKE,2016-05-22T17:45:11
383,582,LIKE,2016-11-05T08:49:50
214,318,LIKE,2019-11-28T20:54:00
457,464,DISLIKE,2016-02-20T14:01:32
285,802,LIKE,2017-01-20T23:47:42
239,599,LIKE,2017-05-05T20:06:17
165,882,DISLIKE,2019-10-03T00:39:55
87,874,LIKE,2019-11-19T08:27:35
141,472,LIKE,2016-01-03T02:24:02
160,56,LIKE,2019-08-22T03:01:40
46,625,LIKE,2017-09-20T13:56:18
372,13,LIKE,2017-02-13T20:09:08
495,440,DISLIKE,2018-07-26T20:43:25
112,18,LIKE,2017-05-08T22:13:06
407,694,LIKE,2018-05-01T08:22:19
45,973,LIKE,2016-10-16T23:56:01
401,113,LIKE,2019-01-24T20:00:36
247,229,LIKE,2018-02-16T22:22:40
104,171,LIKE,2016-09-13T01:43:12
85,295,LIKE,2019-03-01T06:40:51
450,189,DISLIKE,2017-05-29T06:26:41
485,426,LIKE,2016-06-09T21:32:20
134,977,LIKE,2019-05-16T09:22:09
108,79,DISLIKE,2018-08-07T04:25:12
18,658,LIKE,2017-12-28T11:01:48
94,919,LIKE,2019-08-26T13:46:42
150,182,LIKE,2016-10-10T08:18:15
246,499,LIKE,2016-10-22T17:24:34
289,798,LIKE,2016-01-04T09:00:03
414,762,LIKE,2017-10-25T01:50:10
209,866,LIKE,2020-01-21T09:17:07
126,826,LIKE,2016-08-30T03:31:57
235,708,LIKE,2017-02-16T06:48:48
416,835,LIKE,2017-12-03T18:00:47
426,71,LIKE,2020-06-01T20:34:15
499,248,DISLIKE,2019-10-14T18:35:30
462,146,DISLIKE,2016-01-29T20:29:06
122,618,LIKE,2016-01-26T01:11:19
138,775,LIKE,2018-12-03T10:44:43
495,296,LIKE,2017-01-09T16:07:27
115,582,LIKE,2019-08-05T02:00:32
420,470,LIKE,2017-02-14T15:41:36
162,506,LIKE,2020-01-24T03:54:42
201,193,LIKE,2016-08-08T01:20:29
234,68,LIKE,2017-12-12T07:30:56
28,494,DISLIKE,2019-04-05T03:45:51
11,817,LIKE,2016-10-04T13:00:28
206,52,LIKE,2016-11-14T05:31:25
167,882,LIKE,2016-11-16T15:15:51
247,363,LIKE,2018-08-31T13:10:46
47,797,LIKE,2019-02-15T23:23:08
246,917,LIKE,2018-07-18T18:05:41
127,474,LIKE,2017-03-02T01:06:04
147,846,LIKE,2019-04-04T01:44:59
118,521,DISLIKE,2017-02-17T16:06:08
399,763,DISLIKE,2017-03-19T19:53:48
382,431,DISLIKE,2016-07-31T13:08:20
412,844,LIKE,2020-07-06T05:33:51
152,298,LIKE,2020-10-16T02:02:14
72,435,LIKE,2016-01-27T07:55:20
363,696,LIKE,2017-05-24T21:25:01
137,691,LIKE,2019-09-29T08:11:28
175,198,DISLIKE,2018-12-27T02:27:15
289,128,LIKE,2017-10-23T22:33:56
446,532,LIKE,2017-04-15T07:16:23
481,984,LIKE,2019-07-03T03:18:53
19,411,DISLIKE,2019-10-06T10:31:54
195,934,LIKE,2017-11-05T22:56:15
330,840,DISLIKE,2016-09-26T07:55:40
424,65,DISLIKE,2016-11-08T03:13:19
175,694,DISLIKE,2017-03-11T00:08:10
490,241,LIKE,2017-01-17T15:16:04
449,369,LIKE,2019-04-08T03:29:40
413,536,LIKE,2018-12-28T04:23:49
434,384,LIKE,2019-08-27T01:32:43
354,431,LIKE,2018-09-04T03:05:34
499,967,LIKE,2017-03-10T10:29:40
141,83,DISLIKE,2018-02-08T20:17:29
246,982,LIKE,2018-05-10T12:12:18
385,831,DISLIKE,2016-09-18T18:02:23
418,697,LIKE,2018-02-10T00:40:28
93,951,LIKE,2020-09-15T08:14:37
432,828,DISLIKE,2018-06-04T05:14:07
239,611,LIKE,2016-03-24T08:10:20
205,574,LIKE,2018-07-26T04:36:17
48,286,LIKE,2017-09-30T07:08:35
433,989,LIKE,2020-05-27T14:10:23
245,534,LIKE,2020-05-02T00:45:23
320,459,LIKE,2017-08-09T02:30:15
317,212,LIKE,2019-05-02T03:04:22
413,126,LIKE,2018-07-07T05:12:44
295,413,LIKE,2016-06-18T12:58:09
128,499,LIKE,2018-01-13T14:33:50
344,425,LIKE,2020-03-17T13:30:10
282,554,DISLIKE,2019-04-13T21:42:51
17,610,LIKE,2016-12-16T06:46:36
71,961,LIKE,2018-01-19T00:21:30
269,543,LIKE,2020-04-01T03:34:26
325,158,DISLIKE,2016-08-08T15:02:19
282,112,LIKE,2020-06-29T07:53:47
305,402,LIKE,2016-02-07T11:46:53
451,759,LIKE,2019-01-26T21:26:01
7,122,LIKE,2018-09-10T05:54:41
314,273,LIKE,2017-02-14T01:21:25
305,294,LIKE,2019-04-16T20:45:01
103,398,LIKE,2020-10-31T21:30:49
309,471,DISLIKE,2019-07-31T13:51:34
193,985,LIKE,2019-02-09T07:07:41
241,207,LIKE,2020-08-24T11:16:21
62,110,LIKE,2017-06-20T18:41:17
17,440,DISLIKE,2020-01-03T09:23:45
171,278,DISLIKE,2016-08-14T18:39:58
25,963,LIKE,2016-02-21T20:27:06
251,568,LIKE,2020-12-29T20:59:48
253,887,LIKE,2016-07-28T19:35:37
387,915,LIKE,2016-02-12T20:30:44
207,569,LIKE,2018-03-25T13:57:04
29,940,LIKE,2017-11-01T06:57:35
117,482,LIKE,2016-05-03T17:42:21
491,803,LIKE,2016-07-06T20:53:04
416,114,LIKE,2019-05-21T11:10:07
282,893,LIKE,2020-04-22T23:37:28
380,897,LIKE,2018-06-09T02:04:42
144,820,LIKE,2020-04-05T16:55:07
25,853,LIKE,2019-07-14T16:51:16
310,477,LIKE,2019-08-09T00:03:30
156,710,LIKE,2019-06-03T19:58:41
73,933,LIKE,2016-09-13T02:15:47
120,321,LIKE,2020-07-25T01:10:21
312,179,LIKE,2020-07-28T10:29:21
321,897,LIKE,2017-04-19T08:40:44
93,219,LIKE,2018-05-12T01:29:39
86,789,DISLIKE,2016-09-16T17:26:59
336,949,LIKE,2018-08-20T20:19:57
425,528,DISLIKE,2016-09-02T12:16:28
499,492,LIKE,2020-05-07T13:38:28
364,891,DISLIKE,2017-09-23T07:30:10
435,61,LIKE,2017-04-27T17:45:31
118,54,LIKE,2020-07-24T12:09:01
233,680,LIKE,2018-10-12T04:16:05
199,538,LIKE,2019-04-28T23:03:08
206,848,DISLIKE,2020-12-26T23:55:26
413,988,LIKE,2016-07-24T09:53:53
339,65,LIKE,2018-08-21T15:54:48
147,612,LIKE,2019-09-21T05:19:24
450,586,LIKE,2018-01-11T10:05:37
425,704,DISLIKE,2016-06-28T21:46:49
429,171,LIKE,2018-01-29T13:43:55
271,273,LIKE,2016-09-24T20:29:30
387,889,LIKE,2019-09-11T21:26:41
139,699,DISLIKE,2016-12-26T08:35:11
181,535,LIKE,2019-11-09T13:51:17
430,391,LIKE,2016-06-19T23:13:53
30,940,LIKE,2018-08-18T22:20:19
57,693,LIKE,2017-06-29T17:06:28
232,327,LIKE,2017-01-06T02:18:58
146,108,DISLIKE,2016-02-09T08:22:07
435,847,LIKE,2017-03-02T07:15:11
384,162,DISLIKE,2016-02-05T06:21:44
48,814,LIKE,2017-05-24T00:14:47
194,452,LIKE,2020-03-22T07:13:51
224,206,DISLIKE,2018-12-13T04:12:29
136,590,LIKE,2020-06-12T22:06:22
22,16,LIKE,2020-05-25T22:55:48
6,327,LIKE,2018-03-16T10:51:17
204,608,LIKE,2017-06-02T17:39:36
239,659,LIKE,2019-03-01T08:35:41
185,2,LIKE,2017-01-29T08:37:55
360,10,DISLIKE,2018-04-15T00:31:57
292,434,DISLIKE,2017-01-01T18:56:49
335,125,LIKE,2016-04-01T04:57:39
220,81,DISLIKE,2018-11-06T20:13:57
116,485,DISLIKE,2019-08-26T20:45:36
313,652,LIKE,2018-04-25T00:20:35
49,838,LIKE,2020-06-15T13:24:05
173,150,LIKE,2016-07-17T10:38:26
82,800,LIKE,2018-03-27T22:56:48
322,873,LIKE,2020-11-26T14:15:54
333,340,DISLIKE,2016-08-27T10:45:29
45,129,LIKE,2020-03-21T11:26:39
335,438,LIKE,2019-11-15T06:00:23
20,751,LIKE,2020-05-05T22:39:27
448,501,LIKE,2019-01-23T20:47:02
221,58,LIKE,2016-06-21T05:50:22
123,198,LIKE,2020-04-01T05:37:19
234,211,LIKE,2020-10-27T06:05:36
221,914,LIKE,2017-06-02T11:34:43
323,902,LIKE,2019-02-16T08:47:17
339,45,LIKE,2017-05-03T17:52:56
3,97,LIKE,2018-03-03T14:50:01
182,279,LIKE,2016-11-15T17:08:46
206,535,LIKE,2020-11-18T02:00:11
320,410,LIKE,2016-12-24T07:53:48
40,461,LIKE,2017-12-10T15:04:04
59,391,DISLIKE,2020-04-29T20:44:01
439,847,LIKE,2016-01-08T23:31:19
62,44,LIKE,2016-05-16T19:42:15
132,27,DISLIKE,2016-02-08T04:15:55
60,794,LIKE,2018-01-29T19:04:40
372,97,LIKE,2016-05-22T20:37:52
331,975,DISLIKE,2020-01-05T17:19:03
122,548,LIKE,2019-02-04T20:03:16
479,621,LIKE,2019-04-04T21:01:09
107,567,DISLIKE,2017-04-11T07:07:26
96,704,LIKE,2017-07-10T00:17:38
347,219,LIKE,2016-04-19T20:53:57
414,185,LIKE,2020-09-13T16:35:10
235,69,LIKE,2019-07-26T22:26:31
386,829,LIKE,2017-11-28T13:04:31
62,130,LIKE,2018-09-26T19:17:50
256,567,DISLIKE,2018-02-10T07:50:40
49,890,DISLIKE,2019-07-17T06:20:28
393,609,DISLIKE,2018-09-21T00:05:34
348,848,LIKE,2018-04-22T18:27:33
159,599,LIKE,2016-08-29T23:40:50
124,806,DISLIKE,2020-11-10T16:48:37
482,631,DISLIKE,2019-03-04T06:35:30
317,720,LIKE,2017-01-05T23:10:43
207,334,LIKE,2020-04-08T18:53:08
48,925,LIKE,2016-06-12T15:31:12
409,154,LIKE,2017-07-11T04:53:03
420,547,LIKE,2017-11-24T09:53:02
136,79,DISLIKE,2020-05-21T10:54:22
201,579,LIKE,2016-05-22T16:41:02
250,855,LIKE,2019-05-30T15:07:25
314,413,LIKE,2016-08-02T03:31:39
357,546,LIKE,2019-12-15T23:56:06
368,609,LIKE,2018-05-27T02:19:32
429,169,LIKE,2018-08-23T07:18:19
318,681,LIKE,2018-10-13T21:19:33
295,663,LIKE,2016-09-25T09:22:16
480,583,LIKE,2020-09-14T09:29:00
314,515,LIKE,2019-11-20T01:27:48
500,314,LIKE,2016-01-25T18:13:29
209,32,DISLIKE,2019-02-20T04:37:16
355,287,LIKE,2017-09-15T11:07:33
485,594,DISLIKE,2018-06-24T22:54:21
211,43,LIKE,2020-10-17T16:28:38
192,903,DISLIKE,2018-08-02T05:07:12
44,617,DISLIKE,2018-01-23T16:22:25
29,1,LIKE,2019-12-12T08:52:52
59,573,LIKE,2019-02-18T04:28:18
71,270,LIKE,2020-03-12T19:38:17
92,180,DISLIKE,2017-08-30T03:45:07
265,736,LIKE,2020-08-25T02:24:39
383,518,LIKE,2018-01-31T13:59:04
220,103,LIKE,2017-04-12T19:02:35
390,10,DISLIKE,2016-01-20T19:34:08
413,583,LIKE,2019-06-27T22:30:30
442,90,LIKE,2016-03-15T06:52:41
401,226,LIKE,2017-12-24T21:34:15
400,670,LIKE,2020-08-09T12:32:12
215,740,LIKE,2018-12-12T07:13:23
479,917,LIKE,2016-01-30T19:26:28
387,126,LIKE,2018-11-06T20:42:21
277,956,DISLIKE,2016-01-05T13:01:02
64,209,LIKE,2019-03-15T01:05:05
346,97,LIKE,2018-08-13T09:39:19
292,74,LIKE,2016-11-18T23:00:02
490,627,LIKE,2017-09-29T12:24:04
485,191,LIKE,2020-07-04T01:49:52
245,682,LIKE,2018-01-09T23:03:46
470,819,LIKE,2019-07-28T07:44:16
62,960,LIKE,2020-03-08T16:19:55
426,716,LIKE,2016-07-05T02:06:01
332,56,DISLIKE,2017-03-18T08:08:10
170,720,LIKE,2018-05-19T09:17:04
445,553,DISLIKE,2016-10-16T00:34:09
269,32,LIKE,2016-05-16T09:26:27
267,527,LIKE,2017-12-20T03:50:44
54,574,LIKE,2020-06-02T20:03:22
16,667,DISLIKE,2019-07-07T07:44:51
8,284,LIKE,2019-03-03T07:00:53
104,721,LIKE,2019-11-25T09:06:28
59,832,LIKE,2016-09-20T18:46:59
313,494,LIKE,2020-12-09T09:23:49
40,187,LIKE,2016-10-23T22:44:16
237,498,LIKE,2020-04-19T07:25:32
443,442,LIKE,2017-02-18T19:30:50
386,130,DISLIKE,2019-05-10T04:57:49
94,639,LIKE,2016-08-20T11:45:54
222,292,LIKE,2020-10-30T03:46:57
204,114,LIKE,2016-07-12T12:08:49
138,199,DISLIKE,2019-09-13T10:40:26
300,13,DISLIKE,2017-02-10T02:18:59
395,271,DISLIKE,2018-01-05T14:58:48
207,601,LIKE,2018-06-25T04:56:27
336,215,DISLIKE,2018-03-21T20:53:41
81,444,LIKE,2018-09-05T16:46:00
218,790,LIKE,2019-05-05T20:40:29
2,512,LIKE,2018-10-10T15:04:49
178,447,LIKE,2018-09-15T04:06:08
396,986,DISLIKE,2019-11-07T16:04:20
371,993,LIKE,2018-04-24T22:29:59
346,715,LIKE,2017-12-26T19:18:56
279,74,LIKE,2016-08-20T01:05:54
146,537,LIKE,2017-09-21T19:20:56
318,101,LIKE,2017-02-26T21:14:05
224,176,LIKE,2020-12-21T14:59:28
369,427,DISLIKE,2016-12-04T13:36:12
384,117,LIKE,2017-04-27T20:15:02
62,166,LIKE,2016-11-24T06:24:46
294,41,LIKE,2017-05-25T16:41:13
239,429,LIKE,2019-10-28T18:07:34
195,344,DISLIKE,2019-12-18T23:35:17
166,424,LIKE,2018-09-02T16:01:09
451,366,LIKE,2019-06-16T23:46:22
222,120,LIKE,2017-01-10T02:47:00
61,609,LIKE,2020-07-23T01:25:51
129,657,LIKE,2019-01-18T03:50:52
478,728,LIKE,2017-10-07T02:28:44
173,229,LIKE,2019-11-05T01:22:47
480,825,LIKE,2018-08-15T21:05:22
156,130,LIKE,2019-12-10T13:37:34
405,352,LIKE,2018-04-03T08:25:22
378,889,LIKE,2017-01-07T13:24:11
110,318,LIKE,2016-10-07T22:16:12
269,984,DISLIKE,2017-05-04T16:39:15
411,649,LIKE,2018-08-03T03:54:47
356,836,LIKE,2016-05-05T07:12:31
391,337,LIKE,2017-10-30T01:06:42
278,273,DISLIKE,2018-10-15T10:04:01
74,117,LIKE,2017-04-05T19:49:27
487,818,DISLIKE,2016-10-10T09:19:37
437,368,LIKE,2018-02-10T04:32:03
463,94,DISLIKE,2019-01-10T06:06:09
207,168,DISLIKE,2019-05-16T02:07:42
388,954,LIKE,2020-05-14T06:19:42
480,715,LIKE,2016-06-01T02:01:21
279,341,LIKE,2018-07-17T11:10:43
375,661,LIKE,2018-03-19T07:26:31
326,914,LIKE,2017-06-24T04:31:05
472,695,LIKE,2016-04-06T13:38:54
340,925,LIKE,2019-06-10T09:40:11
357,152,LIKE,2019-11-05T22:33:46
340,586,LIKE,2020-09-23T06:55:00
204,877,LIKE,2020-09-05T03:59:12
161,913,LIKE,2018-02-15T06:21:45
28,274,DISLIKE,2016-10-21T07:13:43
392,554,LIKE,2019-12-06T12:26:30
257,496,LIKE,2016-11-12T14:45:44
165,724,LIKE,2017-03-10T07:43:29
63,101,LIKE,2017-01-12T08:12:41
22,557,LIKE,2016-02-07T03:34:22
70,82,LIKE,2016-07-10T14:23:14
381,529,DISLIKE,2017-11-21T15:00:17
405,73,LIKE,2017-02-10T02:50:05
96,14,LIKE,2017-09-07T13:52:10
163,433,DISLIKE,2019-05-29T13:32:41
79,157,LIKE,2019-03-02T12:12:25
5,735,DISLIKE,2016-09-18T02:26:01
316,132,DISLIKE,2020-12-14T05:12:34
120,338,LIKE,2020-12-26T00:10:55
302,404,LIKE,2018-03-15T03:03:58
178,376,LIKE,2016-08-20T23:26:59
176,888,LIKE,2016-03-08T17:32:20
390,559,LIKE,2016-07-19T07:23:00
217,107,DISLIKE,2017-09-06T09:20:01
56,620,LIKE,2019-10-09T16:38:09
366,265,LIKE,2017-02-04T03:23:38
187,205,LIKE,2016-10-12T18:25:26
232,79,LIKE,2018-10-27T02:09:07
255,155,LIKE,2017-01-15T16:19:29
413,783,LIKE,2016-05-12T15:40:05
455,988,LIKE,2019-12-03T06:16:22
104,997,LIKE,2016-06-06T07:49:14
77,247,LIKE,2017-06-05T22:10:58
230,531,LIKE,2020-11-17T23:54:26
402,858,LIKE,2019-09-07T18:28:48
258,948,LIKE,2019-05-12T05:14:13
264,538,LIKE,2020-03-21T09:51:55
331,729,LIKE,2016-04-01T14:21:32
481,154,LIKE,2019-04-04T02:22:31
182,154,LIKE,2019-08-18T14:22:31
381,686,LIKE,2017-06-20T21:26:22
256,92,LIKE,2019-01-04T15:55:19
38,433,LIKE,2017-10-29T02:23:34
176,338,LIKE,2017-08-04T10:59:54
27,480,LIKE,2018-05-04T08:07:37
276,693,DISLIKE,2018-05-19T11:28:04
140,131,LIKE,2019-10-17T17:01:21
299,450,LIKE,2017-04-06T18:45:40
445,993,LIKE,2016-04-17T15:38:58
287,810,LIKE,2018-02-02T15:02:28
91,787,DISLIKE,2018-07-05T20:38:09
480,273,LIKE,2020-03-30T00:03:17
61,929,DISLIKE,2019-07-04T00:21:54
458,588,LIKE,2020-09-06T22:19:22
451,177,LIKE,2020-01-28T07:08:06
365,696,LIKE,2016-07-08T10:55:44
347,831,LIKE,2016-09-29T12:59:34
163,643,LIKE,2018-05-19T05:36:34
351,875,LIKE,2019-04-04T23:41:21
143,49,LIKE,2017-03-02T09:03:32
400,567,LIKE,2019-07-26T12:24:51
253,666,DISLIKE,2017-09-11T16:39:06
269,355,LIKE,2020-06-21T15:32:16
369,712,LIKE,2018-02-13T01:48:10
291,308,LIKE,2020-08-16T01:58:48
500,868,LIKE,2016-03-01T16:15:39
459,885,LIKE,2019-04-03T09:07:26
187,630,LIKE,2019-01-20T17:20:23
405,775,DISLIKE,2020-01-30T07:51:51
499,46,LIKE,2020-08-18T18:11:24
438,302,LIKE,2020-02-14T20:19:19
459,868,LIKE,2018-12-04T21:02:35
414,912,LIKE,2020-10-23T10:00:14
304,408,LIKE,2020-04-09T21:09:23
291,189,LIKE,2018-09-26T04:33:49
86,822,LIKE,2019-04-21T15:48:25
166,830,DISLIKE,2018-04-20T05:08:47
415,129,LIKE,2017-07-12T16:02:36
462,561,LIKE,2016-03-21T23:23:45
408,537,LIKE,2018-09-17T17:14:05
114,266,LIKE,2017-11-11T11:19:45
433,118,LIKE,2016-04-01T01:01:27
480,464,LIKE,2018-05-22T19:51:28
356,144,LIKE,2016-07-01T00:52:43
416,442,DISLIKE,2020-01-05T11:20:13
183,200,DISLIKE,2020-07-02T21:19:58
207,157,LIKE,2019-01-15T12:07:41
256,487,DISLIKE,2020-12-19T09:22:10
235,860,LIKE,2017-12-24T04:00:07
442,134,LIKE,2017-05-10T22:29:19
355,912,DISLIKE,2016-11-07T02:33:26
3,148,LIKE,2018-02-09T01:33:41
208,336,LIKE,2018-01-19T05:39:21
197,71,LIKE,2018-04-08T01:41:36
341,233,LIKE,2020-07-16T02:46:40
125,334,DISLIKE,2016-06-22T16:51:04
138,811,LIKE,2017-11-12T16:30:48
339,666,LIKE,2020-11-23T14:42:53
25,90,LIKE,2019-04-21T18:52:57
68,334,LIKE,2019-01-07T08:09:02
61,199,LIKE,2017-06-23T16:54:28
29,161,LIKE,2017-07-01T02:59:43
383,538,LIKE,2018-01-04T22:31:51
19,121,LIKE,2018-09-15T00:07:27
171,301,DISLIKE,2019-01-19T16:48:32
450,724,LIKE,2016-03-28T15:14:02
74,575,LIKE,2018-12-28T15:19:17
61,963,LIKE,2020-10-29T15:09:13
427,436,DISLIKE,2020-10-17T01:32:44
153,68,DISLIKE,2017-03-17T11:54:53
276,765,LIKE,2020-10-15T12:26:31
48,922,LIKE,2017-08-07T19:43:09
211,459,LIKE,2020-03-09T07:05:05
343,514,LIKE,2020-08-11T07:44:25
408,398,LIKE,2018-08-18T04:40:03
139,620,LIKE,2017-06-29T10:27:40
110,286,DISLIKE,2020-03-03T17:35:25
482,561,LIKE,2016-04-27T22:46:55
183,140,DISLIKE,2016-10-07T10:04:40
28,730,LIKE,2016-06-23T12:11:17
197,556,LIKE,2017-12-23T17:39:16
191,929,LIKE,2017-11-10T19:34:38
315,781,LIKE,2016-03-02T21:56:19
389,590,LIKE,2020-06-23T14:50:47
51,728,DISLIKE,2020-01-25T01:26:32
149,894,DISLIKE,2016-01-03T02:57:54
268,610,DISLIKE,2018-10-27T15:52:44
50,748,LIKE,2017-09-17T22:16:22
388,282,DISLIKE,2017-02-09T10:00:21
246,661,LIKE,2018-11-24T16:50:09
113,924,LIKE,2017-07-05T08:22:01
170,816,LIKE,2018-10-02T08:31:51
468,996,LIKE,2016-07-04T00:48:52
166,936,LIKE,2016-03-09T01:56:39
409,578,LIKE,2017-04-03T22:12:22
14,746,DISLIKE,2020-12-27T12:45:01
203,457,LIKE,2017-03-16T02:23:17
288,87,LIKE,2016-12-10T14:50:18
395,79,DISLIKE,2020-06-23T03:23:24
189,205,LIKE,2019-02-07T16:09:32
402,791,DISLIKE,2016-08-13T08:20:54
155,337,LIKE,2019-03-06T16:56:51
55,254,LIKE,2019-05-14T01:44:35
182,304,LIKE,2020-12-25T16:34:11
210,380,LIKE,2016-11-09T21:30:16
376,130,LIKE,2018-11-11T15:48:44
471,596,LIKE,2018-07-26T13:14:26
75,276,LIKE,2018-09-29T07:02:19
277,699,DISLIKE,2017-02-27T22:34:24
428,558,LIKE,2017-05-04T08:20:26
133,899,LIKE,2019-09-19T07:16:03
343,183,LIKE,2020-02-22T16:15:59
425,268,LIKE,2018-09-12T18:21:52
59,808,LIKE,2017-06-25T05:29:32
345,322,DISLIKE,2020-10-12T00:03:55
489,512,LIKE,2019-01-13T14:50:28
182,612,LIKE,2017-11-24T13:46:22
458,78,LIKE,2017-06-28T19:09:54
406,784,LIKE,2019-03-21T14:21:51
339,339,DISLIKE,2018-08-11T06:23:52
321,674,LIKE,2018-07-04T00:47:56
64,556,LIKE,2017-01-30T15:46:57
327,509,LIKE,2017-07-06T02:53:24
260,238,LIKE,2016-01-06T14:03:41
193,134,LIKE,2020-11-14T17:39:28
143,973,LIKE,2019-05-01T15:55:06
104,192,DISLIKE,2020-10-29T02:34:53
460,356,DISLIKE,2016-04-10T14:37:56
406,278,LIKE,2017-07-19T16:59:59
214,18,LIKE,2018-09-15T15:58:21
242,524,LIKE,2017-11-17T07:08:37
431,180,DISLIKE,2020-10-23T02:28:58
209,123,DISLIKE,2016-11-19T11:01:16
93,246,DISLIKE,2020-03-21T14:14:23
430,734,LIKE,2017-03-12T23:07:46
142,373,LIKE,2018-10-25T21:42:27
434,51,DISLIKE,2016-08-29T17:41:00
404,1000,LIKE,2018-01-09T10:15:45
434,71,LIKE,2018-12-13T12:02:12
112,480,LIKE,2018-09-19T17:02:22
417,560,LIKE,2017-06-05T14:35:35
375,19,LIKE,2016-10-02T15:53:26
59,774,LIKE,2018-11-09T03:17:41
43,84,LIKE,2019-10-19T15:08:30
207,155,DISLIKE,2016-02-05T09:43:09
268,565,LIKE,2018-04-03T23:40:22
296,619,LIKE,2017-10-13T11:11:36
118,357,LIKE,2018-02-14T07:06:55
20,816,LIKE,2016-07-29T15:08:42
222,647,LIKE,2018-12-24T21:46:10
166,443,LIKE,2018-03-08T09:48:11
131,69,LIKE,2016-12-01T15:38:36
156,523,LIKE,2016-01-04T23:31:48
184,143,DISLIKE,2016-05-29T14:08:04
90,192,LIKE,2019-04-14T01:33:20
94,387,LIKE,2019-09-23T12:03:42
13,378,LIKE,2019-07-27T19:36:44
461,581,DISLIKE,2017-05-31T19:05:35
322,535,LIKE,2019-07-10T07:30:22
293,693,DISLIKE,2020-03-11T22:51:28
433,293,DISLIKE,2019-03-22T14:51:23
230,9,DISLIKE,2018-12-27T05:41:39
322,271,DISLIKE,2020-08-23T10:29:52
292,387,LIKE,2019-03-12T03:56:36
438,93,LIKE,2016-11-11T03:03:40
26,966,DISLIKE,2020-01-29T17:18:35
75,529,LIKE,2020-11-30T22:56:29
456,154,LIKE,2017-12-01T20:40:03
364,405,LIKE,2017-05-20T08:32:54
424,840,LIKE,2019-11-03T02:25:44
299,149,DISLIKE,2016-08-17T00:10:13
150,889,LIKE,2016-04-13T19:26:16
148,267,LIKE,2018-07-05T05:58:48
8,422,DISLIKE,2016-03-03T09:07:27
29,840,DISLIKE,2018-09-17T05:15:19
296,618,LIKE,2018-03-22T07:05:34
474,472,LIKE,2016-11-21T08:51:56
414,893,LIKE,2016-08-18T12:46:58
209,547,LIKE,2018-11-27T23:04:01
128,631,LIKE,2017-06-12T11:57:47
340,526,LIKE,2019-03-12T12:10:09
116,503,LIKE,2017-05-14T21:54:31
439,14,LIKE,2016-08-21T00:35:08
144,778,LIKE,2020-08-26T14:43:31
430,652,LIKE,2016-10-16T06:23:18
318,806,LIKE,2018-11-15T23:25:18
235,364,LIKE,2020-02-08T19:27:48
7,119,LIKE,2016-04-06T07:01:14
464,238,LIKE,2019-09-02T01:47:55
45,546,LIKE,2017-05-27T15:04:56
443,169,DISLIKE,2019-09-11T00:19:39
239,522,LIKE,2017-05-03T02:30:25
440,634,LIKE,2016-06-15T09:24:20
432,913,LIKE,2016-11-10T14:19:46
155,657,DISLIKE,2018-10-25T16:12:05
181,963,LIKE,2017-09-30T14:57:14
215,958,LIKE,2017-08-13T06:15:10
88,735,LIKE,2019-06-25T14:07:07
256,883,LIKE,2020-09-17T13:37:03
73,769,DISLIKE,2020-08-05T02:40:16
419,780,LIKE,2018-04-04T03:34:28
179,871,LIKE,2018-05-24T15:52:54
212,516,LIKE,2018-07-12T23:47:59
293,938,LIKE,2018-01-08T00:53:02
234,397,LIKE,2016-10-25T00:00:35
465,866,LIKE,2016-06-03T05:05:13
239,106,LIKE,2019-05-05T16:54:45
223,85,LIKE,2020-11-11T10:14:49
119,214,LIKE,2020-09-03T17:48:59
313,121,DISLIKE,2020-03-05T07:45:24
264,132,LIKE,2017-04-22T04:29:44
207,850,DISLIKE,2016-06-18T08:10:35
95,197,LIKE,2019-01-26T01:21:17
373,19,DISLIKE,2016-01-12T20:30:35
222,642,LIKE,2019-08-21T12:36:41
366,12,LIKE,2016-09-29T06:02:38
276,81,DISLIKE,2018-07-04T03:11:54
380,330,LIKE,2020-02-01T07:52:52
231,866,LIKE,2017-09-12T08:49:57
309,774,LIKE,2016-10-28T07:52:03
119,392,LIKE,2016-03-20T22:59:32
268,637,LIKE,2017-10-04T23:31:58
433,307,LIKE,2017-06-14T18:10:17
273,267,LIKE,2018-06-25T15:02:22
64,447,LIKE,2016-09-11T13:35:53
298,441,LIKE,2020-01-11T07:59:13
350,895,LIKE,2016-12-24T20:58:11
413,652,LIKE,2018-08-16T00:29:44
403,841,DISLIKE,2019-05-19T21:18:49
494,2,LIKE,2020-01-03T04:09:48
11,520,LIKE,2020-02-28T13:42:04
98,762,LIKE,2018-04-03T08:09:37
434,651,LIKE,2016-10-10T03:39:28
71,636,LIKE,2020-08-17T12:58:38
364,309,LIKE,2019-04-19T00:06:58
58,740,LIKE,2017-07-28T09:44:35
290,522,LIKE,2019-02-26T17:17:42
251,469,LIKE,2019-03-31T02:36:52
276,212,LIKE,2019-02-21T16:35:05
50,112,LIKE,2017-08-02T16:37:56
358,8,LIKE,2019-10-16T23:24:49
216,804,DISLIKE,2016-05-18T14:52:44
394,477,LIKE,2018-03-29T00:46:13
416,874,LIKE,2019-09-28T05:25:20
52,460,LIKE,2019-12-15T21:14:05
271,253,LIKE,2018-03-29T08:35:16
485,526,LIKE,2017-12-03T21:50:48
84,752,LIKE,2018-04-14T09:26:01
387,438,LIKE,2020-10-19T01:16:30
293,754,LIKE,2016-07-10T12:09:53
126,981,LIKE,2017-04-14T13:07:11
296,854,LIKE,2016-10-27T10:40:13
72,661,LIKE,2016-09-23T06:48:01
296,236,LIKE,2018-12-04T02:56:36
236,306,LIKE,2020-08-09T05:21:51
56,478,LIKE,2019-07-10T05:04:54
407,679,LIKE,2017-12-07T20:34:51
360,20,DISLIKE,2020-09-15T23:33:01
395,216,LIKE,2016-07-08T11:16:39
110,855,LIKE,2019-04-17T16:43:21
192,135,LIKE,2020-06-11T14:33:31
392,905,DISLIKE,2019-07-24T15:28:11
93,129,LIKE,2020-07-21T18:50:54
350,410,LIKE,2020-01-15T05:28:21
56,422,LIKE,2020-11-14T08:40:20
60,294,LIKE,2018-01-02T02:44:32
138,246,LIKE,2020-01-19T16:41:23
39,701,LIKE,2018-07-17T12:01:42
28,556,LIKE,2016-09-02T07:18:55
49,86,LIKE,2019-05-11T14:44:49
420,556,DISLIKE,2016-04-17T21:32:39
125,842,LIKE,2020-04-08T23:23:56
13,375,LIKE,2020-11-09T17:14:42
480,446,LIKE,2020-05-24T16:41:52
36,378,LIKE,2020-11-10T13:02:24
101,390,LIKE,2017-04-03T02:29:39
282,657,LIKE,2017-01-08T16:51:58
86,51,LIKE,2019-10-27T02:49:46
4,242,LIKE,2017-06-21T02:47:25
223,294,LIKE,2017-06-03T08:42:35
338,920,LIKE,2017-10-20T07:40:31
448,563,LIKE,2017-08-21T18:41:54
166,266,LIKE,2017-01-27T01:06:37
383,120,LIKE,2016-05-12T14:08:44
344,712,LIKE,2019-08-08T09:07:14
383,917,LIKE,2016-08-31T11:34:48
376,248,LIKE,2019-09-14T17:16:24
471,70,LIKE,2017-09-19T08:11:33
278,853,LIKE,2017-04-04T10:36:04
130,57,LIKE,2018-03-12T05:24:03
31,382,DISLIKE,2018-09-20T10:14:59
375,39,LIKE,2016-07-27T04:46:24
11,984,LIKE,2016-09-27T09:14:11
476,801,LIKE,2019-04-20T18:46:13
302,443,LIKE,2020-09-24T13:31:18
96,18,LIKE,2019-05-19T12:56:09
190,952,LIKE,2020-09-11T04:08:39
453,732,LIKE,2018-10-10T05:46:37
192,825,LIKE,2018-05-08T03:01:33
486,756,LIKE,2020-06-02T14:45:33
266,352,LIKE,2019-11-24T10:40:31
424,972,LIKE,2016-02-08T09:54:41
128,816,LIKE,2020-12-30T12:50:54
238,298,DISLIKE,2020-06-11T13:02:51
408,283,LIKE,2019-07-27T15:11:02
355,586,LIKE,2016-12-15T14:00:46
428,110,LIKE,2019-07-11T15:03:54
112,180,LIKE,2017-04-09T22:08:25
316,938,DISLIKE,2017-04-05T10:34:24
446,544,DISLIKE,2020-10-26T08:18:19
343,746,LIKE,2020-12-15T07:33:08
145,794,DISLIKE,2016-11-07T07:45:04
65,25,LIKE,2016-11-24T04:42:10
247,843,LIKE,2020-10-14T04:44:31
223,791,DISLIKE,2016-11-09T18:23:34
479,738,LIKE,2018-06-07T20:37:45
490,57,LIKE,2020-07-22T03:43:36
313,180,LIKE,2018-12-04T08:44:39
439,232,DISLIKE,2019-06-30T14:10:54
106,894,LIKE,2018-03-31T15:27:16
181,343,DISLIKE,2019-04-05T01:47:28
184,477,LIKE,2020-02-17T15:49:34
226,799,LIKE,2020-11-12T05:08:38
265,576,DISLIKE,2020-01-09T16:54:45
278,455,LIKE,2016-04-26T09:38:34
397,232,DISLIKE,2017-06-19T00:08:32
89,289,LIKE,2018-05-05T16:22:00
176,213,LIKE,2019-06-05T23:54:59
18,258,LIKE,2017-03-22T22:25:57
371,530,LIKE,2019-06-02T02:24:25
460,687,LIKE,2016-04-30T11:50:07
424,929,DISLIKE,2019-05-14T16:26:45
401,229,DISLIKE,2018-10-26T21:59:22
399,226,LIKE,2018-01-08T03:11:47
106,596,DISLIKE,2016-06-02T03:24:05
271,803,DISLIKE,2020-01-16T10:50:11
463,435,LIKE,2018-04-14T11:06:03
319,882,LIKE,2019-03-03T03:11:28
167,758,DISLIKE,2016-03-03T20:40:25
13,402,LIKE,2018-11-15T17:07:14
337,622,DISLIKE,2018-07-30T13:24:55
32,766,DISLIKE,2018-08-24T02:03:37
393,88,DISLIKE,2018-05-21T00:09:41
40,584,LIKE,2020-03-07T09:47:07
148,893,LIKE,2016-11-01T03:37:08
218,542,LIKE,2017-12-09T05:44:12
219,684,LIKE,2017-02-21T12:30:38
469,309,LIKE,2018-07-22T13:26:45
82,906,LIKE,2019-10-08T16:43:19
333,343,LIKE,2018-09-23T21:40:32
208,436,DISLIKE,2018-04-17T01:24:35
201,177,LIKE,2019-07-18T20:49:37
447,139,LIKE,2016-10-04T09:42:37
332,194,LIKE,2017-08-06T21:30:03
428,186,LIKE,2019-10-04T08:46:37
38,218,LIKE,2017-10-18T18:25:05
211,164,LIKE,2019-06-19T00:49:20
444,161,LIKE,2020-02-14T03:58:49
327,943,LIKE,2020-05-23T17:08:12
249,525,LIKE,2019-03-07T16:45:56
227,808,DISLIKE,2016-06-23T15:00:35
48,601,DISLIKE,2020-05-19T21:17:36
18,836,DISLIKE,2017-05-08T21:50:41
400,42,DISLIKE,2016-07-22T20:45:20
439,915,DISLIKE,2018-08-24T15:01:09
295,210,DISLIKE,2020-04-23T13:23:41
196,741,LIKE,2019-06-07T06:34:35
187,862,LIKE,2017-02-25T10:47:00
345,275,LIKE,2020-06-16T21:36:48
224,954,LIKE,2020-11-01T19:16:49
318,279,LIKE,2016-03-30T22:31:52
488,251,LIKE,2017-06-23T18:47:47
397,310,DISLIKE,2017-08-21T21:29:03
365,720,DISLIKE,2017-09-15T15:16:23
337,833,LIKE,2016-06-28T01:01:08
497,140,LIKE,2018-02-14T03:20:33
229,792,DISLIKE,2016-04-12T17:57:20
390,546,LIKE,2019-11-19T03:16:47
467,821,LIKE,2016-06-06T01:58:23
77,904,LIKE,2019-01-24T15:30:48
188,530,LIKE,2017-09-10T14:42:02
346,57,LIKE,2018-05-01T05:14:34
270,112,DISLIKE,2019-02-18T10:18:37
95,5,LIKE,2019-12-13T06:38:14
310,410,LIKE,2020-04-18T08:57:09
132,414,LIKE,2019-05-18T06:09:41
39,182,LIKE,2017-01-19T20:37:46
72,13,DISLIKE,2016-04-04T22:57:24
281,339,LIKE,2018-01-21T16:12:43
333,797,LIKE,2019-03-03T05:08:04
160,259,LIKE,2020-02-27T14:34:50
187,90,LIKE,2019-10-17T23:52:58
486,616,LIKE,2017-07-05T17:35:59
191,891,LIKE,2020-01-14T11:25:12
422,698,LIKE,2020-12-28T08:57:47
120,250,LIKE,2020-09-08T22:25:19
220,255,LIKE,2018-12-22T15:59:18
53,588,DISLIKE,2018-12-05T13:03:59
222,898,DISLIKE,2017-05-23T00:27:31
451,971,LIKE,2018-03-14T15:04:54
412,108,LIKE,2016-10-07T20:06:37
131,668,LIKE,2018-06-04T16:18:49
237,594,DISLIKE,2016-03-26T06:51:24
246,589,LIKE,2019-04-16T00:25:32
226,485,LIKE,2016-06-03T06:15:01
208,982,LIKE,2017-05-21T03:15:23
406,972,DISLIKE,2020-11-12T22:39:12
96,258,LIKE,2017-10-27T20:45:06
422,639,LIKE,2017-11-18T17:07:57
200,997,LIKE,2017-11-30T09:34:12
247,903,LIKE,2017-10-04T06:58:46
72,282,LIKE,2018-04-16T00:19:32
318,986,DISLIKE,2019-06-26T07:04:11
185,88,DISLIKE,2020-05-13T17:01:23
6,204,LIKE,2016-03-03T07:12:43
206,16,DISLIKE,2016-01-28T15:28:54
32,151,LIKE,2020-01-12T23:14:58
99,936,LIKE,2017-02-15T02:03:12
394,254,LIKE,2017-06-22T02:46:36
387,188,DISLIKE,2016-01-27T07:06:05
256,329,LIKE,2017-11-26T05:30:10
187,544,LIKE,2018-02-23T03:35:43
76,783,DISLIKE,2018-08-07T00:43:32
177,997,LIKE,2018-05-05T13:42:48
315,397,LIKE,2019-08-09T17:19:30
287,517,LIKE,2019-03-15T16:02:38
349,459,LIKE,2018-12-19T09:38:32
255,330,DISLIKE,2019-11-27T01:22:22
325,820,LIKE,2018-02-21T22:23:09
190,845,LIKE,2017-11-08T22:50:47
308,169,LIKE,2019-12-20T23:31:35
345,693,LIKE,2018-07-27T17:34:14
127,366,LIKE,2020-06-05T13:34:31
425,178,LIKE,2019-05-18T21:50:23
287,655,DISLIKE,2020-12-20T22:31:17
254,362,LIKE,2016-11-13T20:56:36
213,760,LIKE,2016-01-23T19:52:29
250,639,LIKE,2020-05-08T05:13:36
84,775,LIKE,2019-03-08T16:35:37
487,40,LIKE,2020-10-10T09:16:36
383,924,LIKE,2018-05-28T05:54:57
406,416,DISLIKE,2018-07-16T07:58:41
388,355,LIKE,2016-12-01T20:51:28
13,255,LIKE,2020-02-05T17:01:13
45,143,LIKE,2016-07-17T08:02:08
127,752,DISLIKE,2018-11-10T19:07:35
426,740,LIKE,2018-05-09T00:05:07
114,853,LIKE,2018-10-07T03:58:37
433,710,LIKE,2018-05-10T06:02:12
276,577,LIKE,2018-03-22T08:31:28
500,900,LIKE,2018-07-17T07:28:49
205,11,DISLIKE,2017-08-08T05:08:45
337,620,LIKE,2017-04-10T19:32:18
438,26,LIKE,2020-05-26T04:12:19
420,957,LIKE,2018-01-16T14:13:16
481,421,LIKE,2016-06-25T09:25:34
385,663,LIKE,2019-06-09T11:45:45
399,221,LIKE,2018-09-19T22:02:23
461,853,LIKE,2017-03-10T17:54:00
273,496,LIKE,2016-03-20T02:04:56
408,237,LIKE,2020-03-25T06:48:20
58,237,LIKE,2018-07-07T09:52:45
328,219,DISLIKE,2018-03-17T00:13:28
498,487,LIKE,2019-07-24T10:31:11
219,936,LIKE,2019-06-11T01:04:48
109,461,DISLIKE,2019-04-21T07:52:34
279,663,LIKE,2016-04-19T17:34:33
174,635,DISLIKE,2020-12-16T09:23:53
328,144,DISLIKE,2020-11-12T06:34:30
264,990,DISLIKE,2017-08-13T01:06:03
315,189,DISLIKE,2018-12-02T04:23:23
474,255,LIKE,2017-11-21T20:36:04
111,68,LIKE,2020-07-19T01:16:56
187,616,LIKE,2020-01-18T01:23:15
269,336,LIKE,2019-01-18T19:29:00
423,671,LIKE,2020-04-25T04:08:15
229,821,LIKE,2018-07-21T16:08:54
497,874,LIKE,2017-06-12T03:07:27
156,409,DISLIKE,2020-09-30T09:59:29
473,300,DISLIKE,2017-07-16T18:28:06
189,908,DISLIKE,2018-07-01T18:07:37
272,602,LIKE,2016-10-30T05:48:43
375,357,DISLIKE,2020-01-02T15:57:59
2,256,DISLIKE,2017-02-01T12:12:23
246,353,LIKE,2018-03-14T14:28:47
210,732,LIKE,2020-10-02T20:25:16
401,521,DISLIKE,2017-07-22T18:33:56
286,524,DISLIKE,2018-11-08T18:34:12
359,837,LIKE,2016-10-04T10:40:38
13,950,LIKE,2017-11-21T12:25:22
96,756,LIKE,2019-01-08T19:51:01
498,694,LIKE,2017-11-24T20:32:13
221,284,DISLIKE,2018-08-12T01:56:14
238,312,DISLIKE,2019-07-30T08:42:24
94,99,LIKE,2018-10-26T08:47:46
338,197,LIKE,2019-02-28T18:39:02
269,482,LIKE,2018-03-20T12:42:16
171,878,LIKE,2020-12-24T07:18:57
469,226,LIKE,2018-07-02T14:02:27
94,845,LIKE,2019-12-11T20:29:55
149,615,LIKE,2016-12-31T22:25:23
112,618,LIKE,2020-01-01T21:44:59
55,365,LIKE,2016-06-15T18:26:37
337,368,LIKE,2020-12-18T02:28:39
424,570,LIKE,2020-12-07T23:16:52
467,590,LIKE,2016-08-09T06:13:48
116,75,LIKE,2020-01-07T03:15:05
143,42,DISLIKE,2017-08-27T10:14:14
201,422,DISLIKE,2020-04-03T22:17:52
180,836,DISLIKE,2017-01-07T06:07:25
202,181,DISLIKE,2019-03-31T19:19:10
364,545,LIKE,2020-07-04T03:37:21
479,71,LIKE,2018-07-15T23:01:02
53,568,LIKE,2019-07-07T11:30:34
471,105,DISLIKE,2016-06-16T23:09:09
384,200,DISLIKE,2017-04-13T10:51:22
180,101,LIKE,2017-03-02T18:41:44
414,768,LIKE,2017-09-14T07:11:47
417,307,LIKE,2018-11-30T15:19:07
313,586,LIKE,2019-06-25T07:33:18
308,683,LIKE,2020-11-04T01:48:31
137,377,LIKE,2019-11-22T14:59:56
182,655,LIKE,2017-03-20T23:34:00
367,678,LIKE,2018-09-09T23:15:37
1,399,LIKE,2017-07-14T08:22:30
44,773,LIKE,2016-09-08T01:44:22
227,221,DISLIKE,2020-02-23T20:39:46
331,595,LIKE,2018-10-30T10:38:56
98,182,DISLIKE,2017-07-03T08:58:23
208,307,DISLIKE,2018-08-31T17:50:48
265,522,LIKE,2016-06-29T05:48:25
288,396,LIKE,2016-01-15T15:27:50
271,4,LIKE,2019-11-05T11:31:54
140,863,LIKE,2018-04-29T19:42:56
481,914,DISLIKE,2017-10-12T12:40:51
237,848,LIKE,2017-06-07T20:09:23
462,1000,DISLIKE,2020-11-25T10:28:12
441,804,LIKE,2017-05-07T05:46:43
392,281,LIKE,2020-03-01T01:30:48
72,215,LIKE,2016-09-30T12:50:19
155,972,LIKE,2017-02-06T01:12:27
190,610,LIKE,2019-09-09T11:52:00
268,420,DISLIKE,2019-08-27T03:06:34
321,101,LIKE,2019-06-07T07:11:53
107,963,LIKE,2019-08-25T22:27:21
232,521,LIKE,2020-01-23T05:32:40
42,573,LIKE,2019-04-05T22:08:39
190,309,DISLIKE,2016-01-15T12:09:23
371,658,DISLIKE,2016-04-27T05:00:12
139,939,LIKE,2020-07-16T09:42:56
103,931,DISLIKE,2017-09-11T13:24:15
171,510,LIKE,2019-03-05T04:27:25
351,63,LIKE,2016-02-13T17:39:57
273,633,LIKE,2018-09-28T01:57:09
481,226,DISLIKE,2020-07-07T20:44:56
416,105,LIKE,2017-08-15T02:25:47
221,974,LIKE,2016-02-25T15:55:23
213,772,LIKE,2016-01-13T19:29:42
341,861,LIKE,2018-02-12T01:35:48
424,425,LIKE,2017-12-03T23:35:38
407,255,LIKE,2018-12-05T20:34:48
56,429,LIKE,2018-08-27T15:17:08
390,434,LIKE,2017-02-04T13:46:39
342,207,LIKE,2016-11-15T02:28:48
434,28,LIKE,2019-04-06T15:35:46
102,682,LIKE,2020-04-12T19:29:16
421,336,LIKE,2018-08-09T01:35:45
493,588,DISLIKE,2017-06-02T21:55:40
192,628,LIKE,2016-07-21T20:09:10
499,69,LIKE,2016-05-22T01:00:27
310,866,LIKE,2018-07-15T11:34:16
200,746,DISLIKE,2018-06-22T13:41:31
233,513,DISLIKE,2019-11-17T12:19:46
433,167,LIKE,2020-06-04T11:30:56
227,864,LIKE,2020-06-16T09:02:39
371,730,LIKE,2018-11-15T14:48:52
139,785,LIKE,2019-09-09T08:25:23
344,368,LIKE,2017-02-19T16:03:47
305,251,LIKE,2018-11-30T20:00:44
149,859,LIKE,2020-03-02T22:22:18
115,856,LIKE,2019-01-21T03:41:14
450,931,LIKE,2017-08-08T10:03:48
63,686,LIKE,2017-05-27T06:36:19
104,170,LIKE,2019-06-07T07:03:41
339,758,LIKE,2016-02-29T10:02:37
359,935,LIKE,2017-12-10T16:06:07
156,90,LIKE,2017-11-27T22:36:47
273,561,LIKE,2017-02-11T15:24:43
6,446,LIKE,2017-10-18T03:29:05
147,294,LIKE,2016-03-09T01:58:18
184,919,LIKE,2020-04-16T20:12:19
486,150,LIKE,2017-06-09T00:24:57
28,132,LIKE,2017-01-17T15:37:23
450,433,LIKE,2019-02-12T23:02:23
38,59,LIKE,2016-04-26T02:01:08
119,969,LIKE,2019-03-11T16:22:31
293,836,LIKE,2018-03-05T17:01:23
371,199,LIKE,2020-07-19T08:36:52
244,215,LIKE,2016-05-30T22:54:22
68,898,DISLIKE,2016-05-29T00:11:04
214,561,LIKE,2016-12-01T21:31:22
218,472,LIKE,2016-03-02T08:03:11
177,744,LIKE,2016-05-29T20:39:59
299,247,LIKE,2016-12-25T17:54:55
164,382,DISLIKE,2019-07-18T21:02:19
58,991,LIKE,2019-10-12T10:28:28
269,239,DISLIKE,2019-03-27T09:46:32
308,927,LIKE,2017-01-18T23:54:57
58,367,LIKE,2020-08-27T08:19:56
288,168,DISLIKE,2018-02-24T05:31:59
465,560,LIKE,2020-01-13T21:33:16
105,51,LIKE,2017-04-20T17:59:03
228,811,LIKE,2017-09-30T10:48:40
247,610,LIKE,2016-01-29T21:47:51
188,951,LIKE,2018-07-24T12:52:13
494,728,LIKE,2019-07-31T14:27:01
83,689,LIKE,2016-11-09T17:36:11
186,380,DISLIKE,2020-06-04T13:04:07
252,474,DISLIKE,2018-04-18T18:57:19
355,80,LIKE,2017-03-02T03:39:12
238,697,LIKE,2019-07-25T05:54:40
360,367,LIKE,2016-11-21T22:58:20
184,461,LIKE,2020-05-08T10:31:34
284,911,DISLIKE,2016-12-31T18:55:32
385,539,LIKE,2018-05-28T08:08:40
426,452,LIKE,2016-12-20T05:23:30
210,464,DISLIKE,2016-11-26T03:35:47
304,960,DISLIKE,2020-03-26T10:06:52
296,478,LIKE,2017-09-09T04:10:07
97,926,LIKE,2017-09-12T14:23:36
447,420,LIKE,2018-03-28T02:14:51
460,707,DISLIKE,2020-06-13T08:36:02
456,214,LIKE,2017-09-18T13:50:34
472,369,LIKE,2019-01-17T00:35:10
208,854,LIKE,2019-06-27T01:38:20
370,114,LIKE,2018-07-06T14:58:55
388,754,LIKE,2017-05-13T06:19:20
422,503,DISLIKE,2016-05-02T10:18:09
492,636,DISLIKE,2020-08-30T00:11:19
411,817,DISLIKE,2020-03-22T02:53:23
137,588,LIKE,2017-10-07T06:47:08
367,311,LIKE,2020-02-02T08:54:05
400,469,DISLIKE,2018-10-24T03:35:33
184,824,LIKE,2017-12-29T13:58:49
76,708,LIKE,2016-01-09T12:09:36
287,863,LIKE,2016-02-09T14:39:50
472,44,DISLIKE,2016-10-03T12:31:57
375,415,LIKE,2016-12-09T02:19:33
142,698,DISLIKE,2020-11-18T19:55:59
237,855,LIKE,2020-03-15T03:04:01
25,246,LIKE,2017-04-08T09:01:09
290,949,LIKE,2016-10-06T21:03:03
67,84,LIKE,2020-05-08T19:30:58
250,207,LIKE,2016-08-21T04:00:00
408,151,DISLIKE,2016-11-10T16:45:55
118,668,LIKE,2018-03-06T00:41:52
490,528,LIKE,2017-12-19T04:33:36
73,165,LIKE,2019-11-20T01:50:24
282,917,LIKE,2018-07-08T17:00:49
404,975,LIKE,2018-03-31T14:35:21
448,145,LIKE,2019-12-13T11:01:45
360,37,DISLIKE,2016-06-04T14:15:00
10,333,LIKE,2016-11-06T02:17:30
211,403,LIKE,2017-06-26T18:42:39
323,414,LIKE,2016-05-02T13:11:47
152,45,LIKE,2018-06-21T18:15:33
5,402,DISLIKE,2019-01-24T03:33:07
195,206,LIKE,2018-08-29T13:07:54
442,62,DISLIKE,2019-08-16T12:30:17
283,420,LIKE,2016-12-26T02:12:32
464,868,LIKE,2016-10-22T03:35:56
113,468,DISLIKE,2016-05-22T13:44:19
271,820,LIKE,2016-01-31T01:13:14
163,19,LIKE,2017-03-05T23:26:15
460,365,LIKE,2017-06-13T18:19:01
105,300,DISLIKE,2018-10-18T02:43:39
181,7,LIKE,2019-01-15T19:10:30
44,761,LIKE,2019-09-21T22:21:35
282,428,LIKE,2018-04-13T14:35:55
175,117,LIKE,2016-10-15T18:57:09
162,580,DISLIKE,2019-03-03T16:43:17
471,507,LIKE,2018-11-30T19:15:31
351,546,LIKE,2017-07-22T03:43:57
434,706,DISLIKE,2016-12-19T15:55:45
340,325,LIKE,2019-05-30T04:08:15
140,55,LIKE,2019-05-28T12:49:11
471,778,LIKE,2019-11-19T09:59:31
132,992,LIKE,2018-04-24T13:20:39
87,42,LIKE,2019-04-13T09:01:52
176,297,LIKE,2020-01-25T20:31:57
183,973,LIKE,2019-08-03T07:12:00
368,231,LIKE,2017-06-02T03:55:24
129,453,LIKE,2016-12-17T06:06:29
246,890,LIKE,2017-02-15T16:46:45
89,394,LIKE,2016-07-01T04:59:31
66,522,DISLIKE,2017-05-10T05:22:57
158,358,LIKE,2016-11-18T05:24:35
387,987,LIKE,2019-07-16T13:16:28
378,444,LIKE,2020-02-08T14:50:42
149,128,DISLIKE,2020-11-02T15:29:49
473,691,DISLIKE,2019-09-23T07:47:13
340,405,LIKE,2017-07-17T03:46:00
433,392,LIKE,2019-03-25T20:16:12
116,193,LIKE,2019-01-19T03:04:22
214,604,LIKE,2016-03-30T12:41:37
469,881,LIKE,2017-02-09T22:22:02
446,743,DISLIKE,2020-02-09T21:01:46
481,78,LIKE,2020-02-25T13:04:21
372,85,LIKE,2016-12-16T21:13:43
294,30,LIKE,2019-07-01T19:34:38
253,725,LIKE,2019-10-01T04:04:12
143,49,DISLIKE,2016-05-22T19:56:43
250,777,DISLIKE,2016-07-15T18:40:40
366,145,LIKE,2018-03-23T19:16:09
436,69,LIKE,2018-09-03T07:16:47
463,58,LIKE,2016-02-08T09:38:38
302,697,LIKE,2020-06-18T13:15:34
25,574,LIKE,2020-11-26T14:03:58
277,479,LIKE,2020-10-21T10:21:54
472,820,DISLIKE,2017-11-26T21:31:32
377,445,LIKE,2018-11-17T01:31:27
378,296,DISLIKE,2020-05-31T18:52:39
389,678,LIKE,2020-06-13T05:23:58
70,171,DISLIKE,2016-10-22T21:46:07
113,575,LIKE,2019-09-06T19:28:45
363,147,LIKE,2018-02-11T07:14:38
112,484,LIKE,2020-02-06T07:16:52
364,306,DISLIKE,2018-12-10T04:57:01
303,673,LIKE,2019-04-10T18:28:50
471,653,LIKE,2017-04-06T20:28:44
452,846,LIKE,2020-09-30T17:09:49
91,609,LIKE,2016-06-18T12:44:40
18,446,LIKE,2016-02-06T04:18:14
149,221,DISLIKE,2017-05-02T13:21:11
476,555,LIKE,2020-04-19T17:51:01
227,945,LIKE,2019-12-29T00:43:09
214,804,LIKE,2020-03-20T12:07:54
360,378,LIKE,2017-05-28T21:24:24
151,620,LIKE,2016-08-20T14:21:25
192,266,LIKE,2020-03-07T11:55:45
451,95,LIKE,2018-09-23T04:11:25
40,262,LIKE,2018-01-18T10:11:45
242,825,DISLIKE,2018-10-25T01:18:27
138,897,LIKE,2018-05-14T04:53:56
345,71,LIKE,2016-06-05T10:25:16
180,954,LIKE,2020-04-23T23:23:26
497,219,LIKE,2017-11-22T22:12:06
200,533,LIKE,2020-09-06T07:55:28
203,92,LIKE,2019-03-22T09:15:55
61,127,DISLIKE,2019-06-06T22:30:42
192,80,LIKE,2017-12-31T02:52:13
5,824,LIKE,2016-09-01T22:02:07
378,238,LIKE,2019-11-27T08:34:26
237,983,LIKE,2019-10-12T01:07:22
181,372,LIKE,2020-11-15T08:34:52
311,916,LIKE,2019-10-24T04:39:08
37,486,LIKE,2016-09-30T11:14:10
56,694,LIKE,2020-03-28T15:35:03
443,25,LIKE,2019-10-20T23:48:55
237,156,LIKE,2018-09-08T23:15:20
358,517,LIKE,2017-01-03T19:25:26
349,632,LIKE,2020-03-25T06:50:40
197,789,DISLIKE,2016-02-25T04:57:44
73,530,LIKE,2016-11-14T21:38:27
59,943,LIKE,2019-06-07T10:38:28
240,710,DISLIKE,2019-07-05T02:11:27
2,57,LIKE,2016-04-21T07:49:20
449,605,LIKE,2020-09-26T22:41:56
360,19,LIKE,2020-09-01T23:46:25
188,384,LIKE,2016-01-01T12:39:17
307,865,DISLIKE,2016-10-09T09:39:47
30,193,DISLIKE,2018-08-04T08:28:11
267,237,LIKE,2020-04-28T08:24:33
476,387,LIKE,2020-10-13T02:33:20
108,426,LIKE,2017-10-04T15:56:48
332,277,LIKE,2019-11-18T09:19:41
423,227,LIKE,2018-11-24T23:55:52
90,745,LIKE,2019-02-02T20:46:42
205,552,LIKE,2016-06-17T15:03:11
379,323,LIKE,2017-11-23T13:58:44
456,153,LIKE,2019-11-12T22:59:32
447,639,LIKE,2018-10-28T09:40:22
448,237,DISLIKE,2020-10-06T07:52:27
445,998,LIKE,2020-01-09T23:24:15
381,55,DISLIKE,2019-02-02T17:12:17
438,980,LIKE,2019-11-06T23:15:56
220,436,LIKE,2016-12-20T06:11:53
378,684,LIKE,2016-10-29T17:25:50
94,109,LIKE,2017-11-19T22:39:47
457,866,LIKE,2016-01-07T19:48:59
103,981,LIKE,2018-11-26T13:25:53
223,184,LIKE,2019-01-08T09:04:53
186,951,LIKE,2018-06-26T03:52:21
469,368,LIKE,2020-08-28T14:46:10
184,983,LIKE,2020-06-09T18:01:44
495,198,LIKE,2019-03-07T15:17:08
162,371,DISLIKE,2016-11-26T07:57:37
247,373,LIKE,2016-05-22T05:27:47
31,973,LIKE,2017-05-25T00:18:40
52,497,LIKE,2020-03-09T21:39:23
345,599,LIKE,2017-03-12T08:39:01
76,201,LIKE,2019-06-25T08:57:56
385,849,LIKE,2016-11-28T07:37:41
439,509,LIKE,2018-03-01T01:11:06
278,322,LIKE,2017-08-31T16:57:49
40,275,LIKE,2017-08-05T16:14:59
101,211,LIKE,2017-01-10T03:27:34
111,504,DISLIKE,2019-05-05T16:29:09
385,903,LIKE,2017-10-31T19:31:07
321,118,LIKE,2019-11-20T23:49:12
249,703,LIKE,2017-08-15T02:34:57
191,554,LIKE,2018-11-15T22:09:07
490,42,DISLIKE,2016-11-30T19:35:46
182,315,DISLIKE,2019-07-11T17:08:57
426,788,LIKE,2016-05-24T11:19:04
405,329,LIKE,2017-01-17T19:53:19
335,17,LIKE,2019-10-31T16:03:27
209,283,LIKE,2019-11-22T01:18:43
22,943,LIKE,2020-04-15T11:41:46
166,258,DISLIKE,2017-02-22T07:11:18
99,575,DISLIKE,2020-03-29T19:21:34
493,574,DISLIKE,2016-01-14T11:26:12
208,612,LIKE,2020-07-05T18:49:54
8,19,LIKE,2016-05-30T21:45:41
190,529,LIKE,2020-09-14T19:32:40
175,837,LIKE,2019-09-06T16:40:51
273,423,LIKE,2020-12-22T21:45:44
17,466,LIKE,2020-02-09T10:01:01
90,373,LIKE,2020-04-28T08:02:53
141,758,DISLIKE,2017-07-04T13:10:17
145,763,DISLIKE,2020-12-02T12:08:31
166,967,DISLIKE,2017-06-23T12:18:08
337,81,DISLIKE,2017-02-02T20:50:23
496,551,LIKE,2016-11-17T17:32:35
78,548,LIKE,2019-04-18T15:03:12
429,424,LIKE,2018-09-26T22:24:37
262,429,LIKE,2020-04-15T05:10:29
163,388,DISLIKE,2019-04-10T02:31:31
366,998,DISLIKE,2019-07-24T17:54:20
14,921,LIKE,2018-02-10T06:01:33
239,709,LIKE,2018-04-30T00:47:14
72,670,LIKE,2019-05-21T03:20:13
445,204,LIKE,2018-12-01T05:24:18
143,196,DISLIKE,2018-07-02T23:10:08
310,728,LIKE,2019-11-07T22:37:22
283,285,LIKE,2017-02-18T08:55:28
269,969,LIKE,2017-03-05T07:26:53
241,196,LIKE,2019-07-06T08:31:59
415,307,LIKE,2020-05-10T15:27:21
245,664,DISLIKE,2018-07-17T16:34:43
163,14,LIKE,2020-08-28T23:22:25
60,837,LIKE,2018-09-02T06:53:06
6,146,LIKE,2020-09-15T22:01:59
197,938,LIKE,2017-11-06T06:14:08
470,57,DISLIKE,2017-09-16T03:22:32
58,723,LIKE,2017-10-13T13:18:42
305,780,LIKE,2018-06-21T19:10:39
407,210,LIKE,2018-12-08T18:57:18
217,529,LIKE,2017-02-16T04:43:15
418,798,LIKE,2017-07-06T10:40:33
26,344,LIKE,2020-04-14T13:01:04
303,715,DISLIKE,2020-08-12T11:05:46
5,611,LIKE,2018-09-28T14:29:56
474,279,LIKE,2016-12-24T13:14:21
20,209,LIKE,2018-12-30T08:45:15
390,641,LIKE,2020-10-12T22:39:04
198,335,DISLIKE,2020-02-01T10:58:39
59,288,LIKE,2020-12-15T17:11:07
448,252,LIKE,2020-11-07T21:52:03
242,265,DISLIKE,2019-07-21T01:24:38
146,271,LIKE,2020-07-16T18:40:43
388,924,LIKE,2018-06-07T08:20:06
273,920,LIKE,2019-08-05T07:24:37
249,700,LIKE,2016-02-09T16:14:19
14,419,LIKE,2020-06-12T01:34:22
462,726,LIKE,2016-11-26T19:00:49
13,795,LIKE,2016-03-19T12:25:39
391,211,DISLIKE,2019-03-29T07:44:56
384,365,LIKE,2017-03-27T12:20:43
44,76,LIKE,2016-06-13T20:48:47
375,660,LIKE,2016-06-24T20:45:29
399,321,DISLIKE,2017-09-13T01:48:16
19,725,LIKE,2018-04-09T11:20:32
63,433,LIKE,2017-05-15T00:12:44
491,109,LIKE,2018-06-09T11:36:15
239,641,LIKE,2018-02-17T11:10:58
492,522,DISLIKE,2017-03-30T22:29:31
419,47,LIKE,2016-07-11T17:30:09
337,379,LIKE,2018-07-05T23:16:32
419,827,LIKE,2017-09-25T19:24:34
403,96,LIKE,2020-08-08T08:42:56
404,958,DISLIKE,2016-04-10T08:56:18
100,103,LIKE,2019-01-19T09:18:03
163,892,LIKE,2019-11-07T03:53:32
416,854,LIKE,2016-11-14T09:27:47
122,146,LIKE,2020-10-11T17:10:50
432,880,LIKE,2017-11-27T21:34:15
44,942,LIKE,2020-10-09T19:21:56
360,928,LIKE,2019-04-23T05:29:28
408,27,LIKE,2018-01-08T04:24:09
317,732,LIKE,2020-05-06T09:07:40
381,530,LIKE,2018-06-12T15:53:33
145,679,LIKE,2016-05-25T23:04:25
327,945,DISLIKE,2019-03-31T12:51:47
363,989,LIKE,2019-04-19T02:10:09
50,82,LIKE,2019-07-18T05:25:47
65,428,LIKE,2018-08-29T09:10:12
355,584,LIKE,2020-09-11T09:23:39
288,822,DISLIKE,2016-06-16T03:46:56
164,479,DISLIKE,2016-02-10T06:45:29
141,766,LIKE,2018-02-19T21:21:11
454,162,LIKE,2017-09-22T23:16:50
314,839,DISLIKE,2019-10-08T13:14:07
128,932,LIKE,2017-12-01T18:06:53
398,402,LIKE,2019-02-16T12:45:54
421,508,LIKE,2020-08-25T06:34:43
368,38,DISLIKE,2017-09-02T09:47:47
463,955,DISLIKE,2017-08-24T04:14:06
239,511,LIKE,2018-07-02T23:28:50
324,393,LIKE,2019-10-26T10:03:58
296,713,DISLIKE,2017-07-05T05:50:00
187,494,LIKE,2016-08-19T08:48:38
208,200,LIKE,2017-08-03T21:59:02
220,255,LIKE,2017-06-23T23:06:14
400,179,LIKE,2020-05-15T11:11:54
190,547,LIKE,2017-01-05T19:39:54
388,594,LIKE,2019-03-17T21:56:19
429,389,DISLIKE,2016-05-06T05:54:28
346,398,LIKE,2019-08-24T07:51:30
284,732,LIKE,2018-05-17T04:07:02
352,158,LIKE,2020-09-25T07:00:05
237,4,LIKE,2018-03-31T23:07:57
194,167,LIKE,2017-02-08T02:27:48
287,468,LIKE,2017-05-14T23:43:29
259,960,DISLIKE,2020-12-19T09:09:23
246,409,LIKE,2018-03-03T07:22:57
136,412,LIKE,2016-01-18T12:55:54
280,204,LIKE,2018-10-24T00:32:52
271,194,DISLIKE,2019-12-19T20:11:04
171,235,LIKE,2017-04-25T23:08:58
159,718,LIKE,2016-05-04T02:11:11
201,150,LIKE,2017-04-22T12:57:17
487,159,DISLIKE,2018-09-29T09:02:18
45,279,LIKE,2016-06-07T00:03:23
450,816,LIKE,2018-07-24T15:43:51
264,404,LIKE,2020-03-04T02:07:45
71,893,LIKE,2020-11-14T05:53:28
364,678,LIKE,2020-09-05T06:54:58
371,311,LIKE,2019-01-17T12:47:48
103,68,LIKE,2016-08-14T10:23:08
490,463,LIKE,2018-09-14T13:17:06
125,88,LIKE,2020-06-20T08:17:44
313,217,LIKE,2017-11-14T09:33:23
464,1,DISLIKE,2017-07-25T06:16:25
483,135,DISLIKE,2020-06-05T11:13:06
286,697,LIKE,2016-07-30T19:36:21
458,351,LIKE,2020-04-18T09:59:40
230,140,LIKE,2017-05-10T03:31:30
146,618,DISLIKE,2019-07-16T06:04:52
370,133,LIKE,2020-08-14T06:59:29
197,620,LIKE,2020-07-26T12:18:11
373,178,LIKE,2019-06-07T08:57:24
221,810,DISLIKE,2016-10-12T15:57:26
423,358,LIKE,2018-12-21T13:22:20
60,380,LIKE,2017-11-18T05:43:27
98,908,LIKE,2017-10-24T20:48:47
171,871,LIKE,2018-10-28T03:01:42
382,658,LIKE,2018-10-25T14:06:36
173,450,LIKE,2019-01-25T23:02:09
151,586,LIKE,2018-07-01T02:29:27
453,463,DISLIKE,2017-11-09T16:27:38
350,990,LIKE,2020-07-06T04:51:53
390,108,LIKE,2020-01-15T07:55:05
440,122,LIKE,2020-10-10T00:08:51
122,17,LIKE,2016-01-28T08:27:05
494,196,DISLIKE,2016-12-22T10:17:18
108,327,LIKE,2018-12-11T00:10:25
4,318,LIKE,2019-10-16T15:21:30
93,809,DISLIKE,2018-01-16T17:38:11
407,479,DISLIKE,2018-01-27T13:04:15
6,252,DISLIKE,2016-05-03T21:27:47
288,503,LIKE,2018-09-24T02:47:52
106,999,LIKE,2019-03-30T21:12:09
146,119,LIKE,2016-12-18T05:46:49
271,674,LIKE,2019-04-13T20:59:43
424,710,LIKE,2018-03-08T04:46:42
378,498,LIKE,2020-08-05T11:00:49
96,486,LIKE,2018-05-28T17:15:31
457,45,LIKE,2016-03-17T18:11:32
229,314,LIKE,2020-05-24T20:27:28
202,179,LIKE,2019-03-10T22:53:53
212,894,LIKE,2020-05-16T21:39:47
6,418,DISLIKE,2020-04-29T14:04:31
112,556,LIKE,2019-10-16T07:07:49
376,783,LIKE,2020-02-21T10:47:24
379,78,DISLIKE,2016-05-16T05:49:00
447,326,LIKE,2018-07-09T23:43:06
323,690,DISLIKE,2017-08-21T02:45:51
106,357,LIKE,2018-09-22T04:15:00
139,416,LIKE,2020-05-15T14:45:58
299,963,LIKE,2016-09-12T20:07:17
401,515,LIKE,2016-10-25T03:01:48
96,214,DISLIKE,2017-06-04T01:51:40
388,854,LIKE,2020-07-29T10:18:38
447,74,LIKE,2020-07-14T14:42:28
452,563,LIKE,2016-01-23T18:36:29
337,579,LIKE,2016-07-22T09:55:58
297,509,LIKE,2017-10-16T21:00:21
467,332,LIKE,2017-10-24T07:29:23
389,93,LIKE,2019-08-10T23:20:57
416,688,LIKE,2016-11-18T21:20:41
214,657,LIKE,2017-09-30T17:07:25
454,519,LIKE,2020-07-28T17:51:37
291,269,LIKE,2019-09-14T05:40:47
22,376,DISLIKE,2016-08-12T01:41:37
193,834,LIKE,2017-04-22T16:46:21
468,4,LIKE,2016-03-14T19:08:52
150,138,LIKE,2019-11-27T18:18:55
368,231,LIKE,2018-10-27T14:29:29
247,600,LIKE,2016-04-27T17:00:30
267,529,LIKE,2016-09-28T22:01:53
461,52,LIKE,2016-08-15T13:46:08
251,646,LIKE,2016-06-17T14:31:15
490,723,LIKE,2017-07-07T00:03:26
3,325,LIKE,2018-02-21T15:37:19
393,992,LIKE,2020-09-29T21:46:28
316,970,LIKE,2016-08-06T20:32:34
76,905,DISLIKE,2020-11-21T08:17:44
87,731,LIKE,2017-12-08T06:29:18
270,717,LIKE,2018-03-14T14:11:23
225,723,LIKE,2019-06-20T11:18:10
18,277,DISLIKE,2019-04-20T13:48:29
113,536,LIKE,2019-11-02T14:22:03
251,486,LIKE,2019-06-10T13:49:49
233,516,LIKE,2019-09-07T08:41:12
329,152,LIKE,2018-09-10T00:48:38
279,955,LIKE,2016-02-22T11:28:55
202,483,LIKE,2019-04-25T03:21:51
83,259,DISLIKE,2017-01-02T13:31:01
125,324,LIKE,2020-07-19T16:08:29
175,869,LIKE,2016-01-19T07:51:20
69,168,DISLIKE,2016-07-15T11:20:11
47,688,LIKE,2020-12-24T10:05:54
372,310,DISLIKE,2016-05-21T09:58:56
256,803,LIKE,2016-08-13T12:39:41
215,479,LIKE,2019-01-16T08:03:18
30,56,LIKE,2020-04-11T06:14:27
281,620,LIKE,2016-11-25T18:02:22
412,473,LIKE,2018-06-19T11:46:58
482,296,DISLIKE,2018-07-25T06:20:14
237,461,DISLIKE,2016-09-25T18:17:48
248,324,LIKE,2018-05-24T15:27:42
368,814,LIKE,2019-09-21T19:29:56
495,846,LIKE,2019-03-31T00:15:27
25,141,DISLIKE,2019-05-12T13:46:47
74,667,LIKE,2016-04-05T18:02:33
206,262,LIKE,2020-01-12T15:04:59
490,785,LIKE,2017-04-30T16:19:22
494,420,LIKE,2020-07-15T10:14:23
314,744,DISLIKE,2017-11-14T02:22:36
94,241,LIKE,2017-02-27T17:20:18
375,355,LIKE,2019-04-29T18:31:07
127,849,LIKE,2020-08-22T12:09:57
425,770,LIKE,2018-07-05T11:11:19
25,761,LIKE,2017-03-23T15:03:02
334,589,LIKE,2018-07-15T00:42:12
355,180,LIKE,2019-03-05T06:37:38
116,66,LIKE,2016-02-04T15:25:11
48,820,LIKE,2020-09-15T17:45:16
226,348,LIKE,2020-09-20T13:00:00
266,171,LIKE,2017-03-15T05:35:59
99,474,LIKE,2017-01-17T21:04:46
459,534,LIKE,2016-05-09T18:49:52
11,367,LIKE,2016-01-16T15:03:06
85,107,LIKE,2020-11-14T08:59:37
405,439,LIKE,2019-05-09T08:51:40
214,835,DISLIKE,2020-07-26T20:57:35
173,227,LIKE,2020-08-28T02:27:23
391,444,LIKE,2016-09-21T11:31:06
209,442,LIKE,2018-08-04T15:25:09
448,396,LIKE,2017-10-14T14:40:43
382,728,DISLIKE,2018-12-04T07:26:14
64,581,LIKE,2017-10-19T20:15:02
258,84,DISLIKE,2019-07-06T01:44:57
332,615,DISLIKE,2020-05-11T10:41:57
121,551,DISLIKE,2017-03-18T14:13:24
298,13,DISLIKE,2017-05-15T01:37:37
466,809,DISLIKE,2017-07-25T15:29:30
54,825,LIKE,2017-11-16T23:08:39
331,693,LIKE,2018-02-24T05:47:35
272,493,LIKE,2017-08-26T18:00:47
241,268,LIKE,2016-12-22T02:52:35
243,525,DISLIKE,2017-07-17T11:01:52
18,120,LIKE,2020-10-28T12:24:19
483,970,DISLIKE,2016-06-17T23:29:08
187,353,DISLIKE,2020-09-01T05:18:19
346,57,LIKE,2019-12-04T02:25:34
144,40,LIKE,2020-09-03T17:57:51
262,886,LIKE,2016-08-15T06:03:17
441,336,LIKE,2018-06-22T00:38:01
364,640,LIKE,2016-07-28T06:55:52
491,173,DISLIKE,2018-02-17T20:37:25
431,547,LIKE,2016-11-01T02:30:07
239,259,LIKE,2017-09-05T08:31:20
304,888,LIKE,2020-12-08T20:20:59
298,517,LIKE,2020-02-22T15:32:58
76,730,LIKE,2018-10-24T22:02:00
188,523,LIKE,2019-01-14T14:09:59
333,894,LIKE,2017-02-02T08:24:50
388,839,LIKE,2017-12-29T16:02:12
487,117,LIKE,2016-11-06T19:54:01
246,184,DISLIKE,2018-06-04T21:21:58
130,906,LIKE,2016-08-04T21:19:39
474,874,LIKE,2017-08-24T04:17:56
315,116,LIKE,2018-09-14T07:50:12
411,162,LIKE,2020-02-18T12:26:21
283,579,LIKE,2019-11-01T02:35:59
79,712,LIKE,2018-10-17T03:15:28
72,543,LIKE,2018-08-07T16:48:59
263,587,LIKE,2020-12-19T22:52:03
191,237,LIKE,2017-04-18T11:23:30
367,839,LIKE,2020-10-23T02:36:50
375,66,LIKE,2020-10-27T04:17:11
430,70,LIKE,2019-02-06T10:36:00
63,809,LIKE,2018-09-09T19:30:35
488,447,DISLIKE,2019-08-23T16:54:50
380,416,LIKE,2017-06-07T22:40:24
12,532,LIKE,2016-01-16T00:17:29
141,441,LIKE,2018-08-31T02:59:13
254,738,DISLIKE,2018-02-03T20:08:55
43,946,LIKE,2017-11-19T06:09:13
17,464,LIKE,2019-09-16T23:46:03
63,921,LIKE,2018-05-09T14:44:36
253,396,LIKE,2019-01-21T21:13:09
465,711,LIKE,2017-02-21T06:34:06
376,551,LIKE,2018-10-27T03:07:31
292,657,LIKE,2020-01-31T03:57:42
469,557,DISLIKE,2019-12-09T00:28:34
8,395,LIKE,2019-10-15T16:17:50
325,326,LIKE,2019-01-19T13:42:44
90,893,LIKE,2018-08-07T01:37:40
208,919,LIKE,2020-02-21T23:13:05
292,91,LIKE,2020-09-09T23:37:59
284,750,DISLIKE,2016-12-04T03:08:58
118,70,LIKE,2017-06-30T02:22:23
349,166,DISLIKE,2016-09-11T16:24:05
175,642,LIKE,2018-05-21T20:14:27
76,214,LIKE,2017-03-10T23:16:51
101,852,DISLIKE,2020-07-31T10:16:18
414,601,LIKE,2017-09-02T07:01:35
151,335,LIKE,2018-03-28T20:11:53
400,764,LIKE,2016-08-25T13:26:53
270,369,LIKE,2016-08-22T06:13:41
458,861,LIKE,2016-02-27T21:10:30
71,584,LIKE,2020-04-24T17:57:21
493,677,LIKE,2016-04-06T22:00:36
180,49,LIKE,2020-12-12T20:53:59
124,52,LIKE,2020-12-03T13:58:17
381,289,DISLIKE,2019-06-12T17:00:54
293,790,LIKE,2017-10-23T00:35:10
285,626,LIKE,2016-04-23T21:17:32
195,239,DISLIKE,2020-09-09T17:49:47
399,133,LIKE,2018-03-20T16:57:40
228,999,DISLIKE,2020-08-15T12:00:35
431,786,LIKE,2020-08-03T17:14:33
430,166,LIKE,2020-01-06T18:37:18
436,374,LIKE,2017-04-06T18:52:43
275,373,LIKE,2019-02-10T13:24:51
461,805,LIKE,2019-05-04T10:47:53
106,478,DISLIKE,2017-11-24T18:57:00
21,755,DISLIKE,2018-06-23T02:28:12
64,479,DISLIKE,2017-02-19T22:54:36
165,832,LIKE,2019-12-14T18:37:43
27,650,LIKE,2020-04-05T22:27:07
311,591,LIKE,2020-05-04T19:04:36
500,682,LIKE,2016-10-08T08:11:50
285,635,LIKE,2019-05-17T18:26:45
148,688,LIKE,2019-02-04T11:46:57
281,300,LIKE,2020-04-09T04:18:21
326,82,LIKE,2016-02-02T21:46:22
319,87,LIKE,2018-01-12T04:14:37
164,225,DISLIKE,2017-05-30T06:11:28
386,16,LIKE,2020-05-16T08:48:34
406,822,LIKE,2017-03-12T02:47:50
224,358,LIKE,2019-10-18T08:36:29
272,163,DISLIKE,2017-05-09T16:29:02
146,610,LIKE,2017-07-10T14:01:58
453,668,DISLIKE,2020-10-25T14:39:27
438,514,DISLIKE,2020-10-23T22:02:24
356,350,DISLIKE,2017-03-30T05:23:29
30,909,LIKE,2020-02-11T04:37:38
45,681,LIKE,2019-01-19T17:44:05
275,464,LIKE,2016-05-05T13:55:15
471,827,LIKE,2017-11-10T20:20:08
34,837,LIKE,2020-02-24T01:14:02
141,375,LIKE,2017-12-21T00:31:32
427,92,LIKE,2016-07-14T07:16:04
318,181,LIKE,2018-04-01T07:53:43
374,743,LIKE,2019-02-21T19:05:02
221,301,LIKE,2017-12-28T01:41:49
356,660,LIKE,2016-05-13T00:01:42
22,792,LIKE,2017-10-04T10:11:33
180,189,LIKE,2020-05-28T00:19:17
436,859,DISLIKE,2019-01-27T08:51:15
367,862,LIKE,2019-04-20T18:19:11
420,314,LIKE,2019-12-30T05:26:54
329,493,LIKE,2019-11-13T12:40:21
231,923,LIKE,2016-05-24T06:37:40
499,922,LIKE,2016-05-03T23:30:34
403,128,LIKE,2018-10-03T20:29:37
38,519,LIKE,2016-11-16T17:00:53
70,426,LIKE,2020-06-07T20:22:52
116,559,LIKE,2018-04-29T17:17:18
239,565,LIKE,2018-03-29T02:16:09
335,187,LIKE,2020-12-02T17:53:13
441,550,LIKE,2020-08-18T05:40:56
148,453,LIKE,2020-11-06T10:13:20
9,471,LIKE,2017-06-24T03:10:55
288,988,LIKE,2019-03-16T05:46:23
388,738,DISLIKE,2019-03-22T00:23:11
50,565,LIKE,2019-02-08T22:30:06
338,911,LIKE,2020-12-30T20:30:33
5,224,DISLIKE,2016-08-29T19:58:56
404,154,LIKE,2020-05-24T05:10:40
343,560,LIKE,2018-02-20T15:38:33
126,351,DISLIKE,2019-03-15T05:06:27
75,147,DISLIKE,2017-11-23T12:34:23
165,905,LIKE,2020-05-23T07:28:15
278,576,LIKE,2019-06-14T21:47:16
442,349,DISLIKE,2019-01-01T09:58:56
324,182,LIKE,2018-12-07T23:28:29
477,637,DISLIKE,2020-02-21T15:01:44
300,179,LIKE,2020-02-06T20:44:01
290,39,LIKE,2016-01-21T11:57:32
77,772,DISLIKE,2020-04-08T03:40:38
298,894,DISLIKE,2017-03-07T18:13:40
137,3,LIKE,2019-09-28T17:13:28
106,64,LIKE,2017-05-29T12:27:54
95,29,LIKE,2017-12-15T13:21:17
135,372,LIKE,2016-08-27T12:06:52
68,523,LIKE,2020-05-17T14:58:40
147,97,DISLIKE,2018-05-22T10:40:28
490,870,DISLIKE,2017-10-19T03:51:30
478,442,LIKE,2017-04-11T18:44:12
159,203,LIKE,2017-08-03T16:41:50
384,411,LIKE,2017-05-03T21:24:52
163,993,LIKE,2019-01-30T09:18:01
441,21,LIKE,2017-01-02T15:20:26
341,551,LIKE,2017-12-16T15:52:02
189,735,LIKE,2019-07-12T03:50:12
415,102,LIKE,2018-10-22T23:20:35
339,46,LIKE,2016-12-18T03:08:45
95,66,LIKE,2020-02-05T00:29:01
181,603,LIKE,2020-01-27T15:00:27
288,164,LIKE,2020-01-28T06:24:25
322,971,LIKE,2017-10-16T15:13:31
187,111,LIKE,2017-05-15T23:23:33
372,338,LIKE,2019-06-30T14:51:56
138,123,DISLIKE,2016-03-10T17:41:53
130,705,LIKE,2018-01-27T01:22:30
194,447,LIKE,2016-05-14T01:04:29
316,611,LIKE,2017-02-01T07:48:18
472,291,LIKE,2020-11-16T18:15:13
273,671,LIKE,2017-05-15T14:39:34
352,412,DISLIKE,2017-02-22T13:45:10
144,615,LIKE,2020-05-11T17:25:09
16,897,DISLIKE,2016-05-01T18:16:56
302,281,LIKE,2020-11-12T23:29:30
423,43,LIKE,2017-04-01T07:03:20
245,486,LIKE,2016-06-22T17:06:05
415,596,LIKE,2017-05-31T19:18:40
107,963,LIKE,2018-03-13T09:14:04
88,703,LIKE,2017-07-13T08:34:19
129,51,DISLIKE,2020-05-24T03:31:18
395,898,LIKE,2019-06-13T17:00:51
375,210,LIKE,2020-10-17T01:24:44
341,126,DISLIKE,2016-02-27T20:24:37
4,492,DISLIKE,2018-05-30T15:54:30
327,509,LIKE,2016-09-23T09:52:19
410,960,DISLIKE,2017-11-03T22:22:33
367,970,DISLIKE,2019-10-27T15:01:48
306,581,LIKE,2020-01-04T15:08:05
396,777,LIKE,2020-02-05T11:47:56
95,258,LIKE,2017-06-13T22:22:52
209,930,LIKE,2017-11-12T12:57:04
225,188,LIKE,2019-06-30T04:59:47
459,230,DISLIKE,2017-03-19T09:23:16
348,189,LIKE,2020-12-15T05:14:40
480,415,LIKE,2017-07-19T02:15:54
321,10,DISLIKE,2020-05-06T00:22:29
47,114,DISLIKE,2018-04-01T20:05:34
476,76,LIKE,2017-06-05T02:14:11
181,676,LIKE,2018-11-30T15:25:19
106,502,LIKE,2019-11-09T21:11:04
199,85,LIKE,2016-08-01T21:17:55
386,49,LIKE,2017-12-15T00:09:28
106,495,LIKE,2019-03-21T01:28:57
280,838,DISLIKE,2019-04-12T14:07:17
260,689,LIKE,2017-02-14T18:31:50
108,387,LIKE,2016-12-03T07:34:28
19,970,LIKE,2016-02-21T10:59:57
410,389,LIKE,2017-09-20T16:12:05
459,218,LIKE,2020-06-12T00:10:57
296,701,DISLIKE,2020-04-15T23:46:18
306,981,LIKE,2019-07-28T06:11:05
171,346,LIKE,2017-04-09T16:05:27
331,230,LIKE,2016-10-26T04:32:32
493,255,LIKE,2017-07-05T05:33:24
195,236,LIKE,2020-01-18T11:22:40
12,26,LIKE,2016-05-01T06:46:37
195,584,LIKE,2020-07-09T02:17:20
490,261,LIKE,2020-04-12T18:56:45
283,766,LIKE,2016-12-31T02:39:30
369,271,LIKE,2016-10-16T12:44:50
182,123,LIKE,2020-02-07T06:29:24
450,656,LIKE,2017-02-08T22:01:21
305,257,LIKE,2020-08-02T12:04:39
144,656,LIKE,2016-01-04T17:29:37
386,421,LIKE,2019-09-02T14:44:06
316,259,LIKE,2020-06-09T22:26:20
182,948,LIKE,2019-07-31T00:28:27
30,47,DISLIKE,2019-02-24T17:20:39
84,863,LIKE,2016-05-14T22:59:35
166,525,LIKE,2020-07-04T01:58:58
284,888,LIKE,2019-08-25T17:17:51
281,208,DISLIKE,2017-12-13T23:44:06
96,311,LIKE,2020-02-06T21:43:46
381,747,LIKE,2019-03-30T11:03:13
266,149,DISLIKE,2018-12-25T00:30:08
444,834,DISLIKE,2020-11-24T22:40:55
298,438,LIKE,2016-10-30T14:18:03
296,155,LIKE,2019-08-14T22:47:20
225,678,DISLIKE,2017-02-19T23:02:52
333,90,LIKE,2018-03-01T18:14:22
361,698,LIKE,2020-01-22T10:13:44
374,830,LIKE,2017-12-23T09:25:02
42,358,LIKE,2016-09-17T09:53:30
303,174,LIKE,2018-05-30T01:53:37
421,217,LIKE,2020-08-16T07:31:25
246,907,DISLIKE,2019-06-23T14:54:24
208,456,LIKE,2018-03-11T23:19:57
237,776,LIKE,2017-08-10T06:25:43
22,609,LIKE,2016-01-17T23:49:54
185,629,DISLIKE,2016-01-23T02:27:51
468,199,LIKE,2020-11-30T17:50:42
242,832,LIKE,2020-06-11T11:27:13
363,486,LIKE,2017-01-01T01:56:15
283,533,LIKE,2020-06-02T20:15:09
41,200,DISLIKE,2016-01-23T08:25:39
336,371,LIKE,2019-03-11T04:15:16
162,959,LIKE,2017-09-30T05:07:41
160,853,LIKE,2018-09-08T11:20:20
474,448,LIKE,2019-06-24T05:41:55
89,248,LIKE,2019-01-30T12:47:36
322,788,LIKE,2016-11-27T03:25:15
12,264,LIKE,2017-04-25T21:07:38
424,58,LIKE,2019-08-16T18:12:00
73,302,LIKE,2020-12-23T16:21:53
76,31,LIKE,2018-02-27T00:13:37
346,498,LIKE,2018-03-22T20:09:20
201,249,LIKE,2020-07-23T14:52:40
10,605,LIKE,2019-08-08T23:02:17
352,777,LIKE,2020-10-20T08:51:53
226,271,DISLIKE,2019-02-10T00:23:59
176,606,LIKE,2018-05-06T03:16:58
276,666,LIKE,2019-05-19T20:19:44
39,394,DISLIKE,2017-09-24T20:30:01
60,797,DISLIKE,2019-07-07T20:31:28
66,502,DISLIKE,2020-09-11T07:55:43
321,592,LIKE,2020-09-28T06:53:11
435,804,LIKE,2020-02-07T23:24:12
124,84,LIKE,2017-07-09T06:17:57
164,365,LIKE,2019-02-24T05:04:46
408,886,LIKE,2020-10-03T01:03:26
411,549,DISLIKE,2020-09-20T01:11:23
386,342,LIKE,2020-02-11T23:46:19
159,839,LIKE,2018-02-27T11:01:56
57,407,DISLIKE,2018-08-10T17:42:40
78,425,LIKE,2020-11-29T16:47:31
194,744,LIKE,2018-12-05T21:04:01
285,93,LIKE,2019-05-21T22:42:21
15,848,LIKE,2017-03-04T23:08:05
12,614,LIKE,2017-01-04T23:40:41
101,412,DISLIKE,2017-12-14T20:59:24
156,432,DISLIKE,2019-10-19T12:31:39
340,678,DISLIKE,2017-05-17T16:19:07
125,159,LIKE,2016-11-07T13:18:57
359,14,DISLIKE,2017-10-28T07:09:28
280,373,LIKE,2020-04-28T08:50:31
405,225,LIKE,2019-05-29T11:59:09
394,505,LIKE,2018-11-17T11:45:16
110,73,LIKE,2020-09-06T13:56:16
334,249,LIKE,2016-06-10T17:20:17
357,511,LIKE,2017-05-14T09:29:41
146,603,LIKE,2019-04-23T21:40:22
216,216,LIKE,2016-01-17T10:29:53
398,973,LIKE,2016-10-10T00:03:25
162,602,LIKE,2017-03-27T12:28:24
128,541,LIKE,2020-01-05T10:09:51
314,947,LIKE,2019-09-14T16:05:41
332,817,LIKE,2016-09-30T20:14:46
150,939,LIKE,2016-07-18T02:11:07
454,988,LIKE,2018-03-28T09:33:40
36,220,LIKE,2017-11-20T00:23:17
173,840,DISLIKE,2019-02-26T03:28:17
420,727,LIKE,2016-09-05T16:11:43
22,221,LIKE,2016-04-27T07:14:31
206,389,LIKE,2019-04-09T01:25:27
127,554,LIKE,2019-05-29T18:14:45
336,647,LIKE,2020-06-06T16:59:20
445,42,LIKE,2018-06-09T00:41:39
356,676,LIKE,2016-06-27T12:45:14
440,873,DISLIKE,2017-06-28T13:09:44
217,283,LIKE,2020-03-15T22:46:41
96,58,LIKE,2019-09-25T20:07:42
417,814,DISLIKE,2016-02-03T06:37:31
429,834,LIKE,2017-09-18T16:22:55
164,537,DISLIKE,2020-05-28T20:18:32
148,73,LIKE,2018-06-07T14:11:28
18,885,LIKE,2017-08-28T01:21:05
294,923,DISLIKE,2016-04-14T10:05:40
195,129,DISLIKE,2020-05-05T05:12:24
151,599,DISLIKE,2020-05-21T13:51:07
480,842,LIKE,2017-12-20T18:38:23
365,426,DISLIKE,2017-06-10T13:33:37
123,948,DISLIKE,2016-04-22T00:54:47
400,665,LIKE,2019-01-22T16:09:31
187,694,LIKE,2018-01-13T08:16:01
453,125,LIKE,2016-01-01T21:25:13
452,67,DISLIKE,2017-05-04T03:55:57
149,6,LIKE,2016-09-26T19:28:08
104,637,LIKE,2018-05-07T07:20:39
243,314,LIKE,2019-05-25T23:56:05
462,326,LIKE,2019-01-02T03:06:25
231,565,LIKE,2019-05-12T16:00:23
479,578,LIKE,2019-06-13T16:36:55
206,826,DISLIKE,2020-12-25T21:18:16
198,506,LIKE,2017-09-14T08:13:29
396,82,LIKE,2020-05-27T13:41:38
400,599,LIKE,2016-02-17T17:48:39
337,2,LIKE,2016-08-01T04:28:01
493,204,LIKE,2016-10-07T03:15:12
87,662,LIKE,2020-09-03T12:35:54
142,805,LIKE,2018-06-02T21:23:38
317,404,DISLIKE,2020-10-03T02:33:04
199,103,LIKE,2020-12-16T02:35:29
46,536,LIKE,2018-12-17T11:51:46
288,368,LIKE,2018-12-15T13:37:13
15,212,LIKE,2018-05-09T01:55:10
44,577,DISLIKE,2017-12-04T01:48:58
401,961,LIKE,2017-08-27T08:50:59
169,209,LIKE,2019-11-13T21:17:21
310,763,LIKE,2019-06-09T01:10:39
495,897,LIKE,2020-11-21T04:09:08
44,117,LIKE,2016-01-15T10:50:14
98,628,LIKE,2018-03-22T05:35:13
261,749,LIKE,2017-06-27T19:32:23
109,478,LIKE,2019-06-18T22:09:28
283,105,LIKE,2020-04-21T19:50:55
372,495,DISLIKE,2016-11-26T18:36:09
343,771,LIKE,2020-10-01T14:31:30
104,46,LIKE,2016-08-12T21:29:21
256,823,LIKE,2020-04-12T07:00:45
379,331,LIKE,2018-07-03T05:00:23
206,216,LIKE,2018-11-22T05:41:39
335,982,LIKE,2016-12-29T12:49:23
43,960,LIKE,2020-05-13T17:25:44
353,492,LIKE,2018-03-11T15:00:41
245,813,LIKE,2020-07-29T04:59:00
287,922,LIKE,2020-11-21T03:11:40
355,845,DISLIKE,2018-02-16T03:54:04
273,449,LIKE,2019-10-07T15:13:21
476,536,LIKE,2019-03-17T13:08:37
83,511,LIKE,2020-10-15T16:53:41
110,458,LIKE,2020-02-11T14:03:31
438,547,LIKE,2018-01-25T19:46:07
190,536,LIKE,2018-11-21T06:56:30
471,540,DISLIKE,2019-11-26T14:13:07
288,484,DISLIKE,2019-12-02T09:48:21
424,976,LIKE,2020-12-28T04:57:23
397,1000,LIKE,2016-03-25T23:24:57
251,16,LIKE,2020-02-06T10:18:01
212,571,LIKE,2016-12-27T05:35:34
291,977,LIKE,2018-03-12T00:26:07
133,243,LIKE,2016-07-28T21:12:39
201,950,LIKE,2019-04-03T22:11:07
285,207,LIKE,2017-11-15T16:53:49
326,912,LIKE,2017-12-15T08:50:00
409,271,DISLIKE,2018-09-07T22:35:12
95,761,LIKE,2019-07-05T08:42:32
278,994,DISLIKE,2019-01-02T00:45:57
450,779,LIKE,2020-05-23T17:20:45
429,705,LIKE,2020-07-22T05:06:04
325,847,LIKE,2016-01-31T05:00:48
219,730,LIKE,2018-03-29T04:46:35
89,115,DISLIKE,2018-02-10T07:25:45
72,580,LIKE,2018-06-11T13:51:50
247,299,DISLIKE,2016-10-15T23:17:09
129,837,LIKE,2019-05-24T10:25:26
212,483,DISLIKE,2018-11-28T12:50:15
428,397,LIKE,2016-08-24T05:07:11
343,394,LIKE,2020-09-18T22:21:24
96,75,LIKE,2017-07-08T12:51:42
75,978,LIKE,2020-01-20T14:33:01
423,482,LIKE,2018-09-02T04:03:03
495,103,LIKE,2019-01-03T09:41:54
54,297,DISLIKE,2017-11-10T01:28:18
344,178,LIKE,2020-11-17T11:06:49
459,215,DISLIKE,2018-04-15T23:44:41
413,967,DISLIKE,2017-07-21T21:23:46
54,315,LIKE,2017-08-13T19:54:58
218,39,DISLIKE,2020-03-30T08:05:15
16,259,LIKE,2017-09-12T08:12:59
99,716,DISLIKE,2017-12-30T16:31:59
20,7,LIKE,2018-01-22T01:02:30
46,49,LIKE,2018-04-04T14:03:33
451,538,LIKE,2017-10-04T10:31:57
193,161,LIKE,2017-12-13T02:57:08
383,869,LIKE,2017-09-21T23:22:12
58,176,LIKE,2018-02-14T18:38:27
437,591,LIKE,2019-01-11T03:19:30
111,2,DISLIKE,2017-04-29T15:52:21
129,895,LIKE,2016-11-27T11:19:49
337,455,LIKE,2017-01-07T10:47:16
194,928,LIKE,2016-08-31T20:27:27
413,644,LIKE,2020-03-10T15:45:16
340,276,DISLIKE,2016-01-21T13:53:48
326,498,LIKE,2020-08-09T07:13:26
8,629,LIKE,2016-05-11T07:22:00
29,676,LIKE,2020-02-07T10:18:15
112,800,LIKE,2019-02-27T06:25:11
435,28,DISLIKE,2018-09-06T23:11:21
161,333,LIKE,2020-03-09T15:33:32
131,1,DISLIKE,2020-11-19T23:16:10
188,188,LIKE,2018-05-03T13:34:47
163,56,DISLIKE,2020-03-04T21:05:58
197,547,LIKE,2017-07-22T03:54:51
475,112,DISLIKE,2020-05-07T00:53:11
364,798,DISLIKE,2018-05-20T18:11:39
204,310,DISLIKE,2019-05-21T04:02:44
212,36,LIKE,2017-11-21T00:26:16
109,439,LIKE,2020-11-26T15:16:23
276,729,LIKE,2017-02-02T10:42:41
73,592,LIKE,2016-06-17T05:34:48
167,826,LIKE,2020-06-21T09:40:32
260,595,LIKE,2019-08-07T18:16:47
243,577,LIKE,2020-01-26T02:07:47
275,325,LIKE,2020-08-07T02:34:51
102,640,LIKE,2016-04-11T04:02:48
475,307,LIKE,2020-04-10T03:16:02
173,534,LIKE,2018-12-14T23:44:31
171,728,LIKE,2019-05-08T05:39:40
141,619,LIKE,2017-06-27T02:03:34
397,109,LIKE,2019-11-21T11:00:25
188,372,DISLIKE,2017-01-08T23:18:06
441,357,DISLIKE,2020-05-29T00:10:32
86,181,DISLIKE,2019-11-30T09:20:59
476,356,DISLIKE,2018-09-07T16:39:51
52,676,LIKE,2016-01-27T03:44:13
111,68,LIKE,2016-02-06T17:21:41
437,292,LIKE,2017-10-16T18:50:12
365,692,LIKE,2019-03-24T20:12:08
342,181,LIKE,2020-12-10T03:06:47
43,466,LIKE,2016-11-09T00:18:09
211,434,LIKE,2018-10-08T02:16:54
456,464,LIKE,2019-01-28T11:01:24
500,681,LIKE,2018-03-17T20:41:35
200,914,LIKE,2017-08-04T11:05:50
298,534,LIKE,2020-08-31T07:51:06
346,66,LIKE,2018-03-27T15:26:40
240,21,LIKE,2018-01-06T18:22:37
115,612,LIKE,2018-04-17T00:32:01
26,384,DISLIKE,2020-01-04T10:03:26
407,812,LIKE,2018-12-01T23:07:35
299,615,LIKE,2019-02-10T21:16:56
77,559,LIKE,2017-07-25T09:35:51
412,39,LIKE,2020-03-29T14:59:17
137,285,LIKE,2019-08-10T03:28:20
20,822,LIKE,2017-10-16T02:26:22
440,602,LIKE,2019-07-26T01:50:04
211,597,DISLIKE,2019-03-02T17:25:05
240,785,DISLIKE,2019-02-08T06:11:15
39,336,LIKE,2019-05-29T14:20:56
435,188,LIKE,2018-05-18T18:41:21
268,671,LIKE,2019-11-01T08:47:23
207,243,LIKE,2017-07-12T21:30:46
479,73,LIKE,2020-11-10T07:23:49
439,479,DISLIKE,2017-02-11T10:26:41
462,974,LIKE,2020-11-24T05:40:26
267,561,DISLIKE,2017-12-11T03:10:19
154,101,LIKE,2016-11-06T06:49:39
42,514,LIKE,2018-04-18T16:51:50
411,756,LIKE,2018-01-02T14:54:28
11,176,DISLIKE,2020-09-21T09:09:19
294,238,DISLIKE,2019-09-04T20:33:56
98,910,LIKE,2019-03-29T08:43:25
427,59,LIKE,2017-09-01T03:31:59
275,865,LIKE,2017-03-29T02:53:49
448,99,DISLIKE,2017-04-09T15:06:41
390,954,DISLIKE,2020-01-09T12:28:07
430,871,LIKE,2016-01-31T06:26:17
372,954,LIKE,2017-07-02T16:47:34
230,495,LIKE,2019-08-02T14:51:33
369,947,LIKE,2020-04-01T04:42:51
426,980,LIKE,2017-02-21T18:56:06
220,514,LIKE,2020-05-25T06:50:03
65,755,DISLIKE,2020-07-17T00:37:38
355,297,LIKE,2018-09-07T22:19:46
232,211,DISLIKE,2020-02-20T21:01:55
328,123,LIKE,2018-07-21T04:10:12
443,229,LIKE,2018-02-18T17:58:48
52,594,LIKE,2020-10-12T12:04:50
374,656,LIKE,2020-10-30T04:48:38
431,388,LIKE,2016-05-28T05:27:48
376,140,LIKE,2019-05-22T18:59:57
263,541,LIKE,2016-11-03T12:05:45
267,391,LIKE,2017-05-22T11:39:13
359,270,LIKE,2016-07-05T12:38:12
317,759,LIKE,2017-10-31T10:24:28
324,12,LIKE,2018-03-01T01:12:47
409,867,LIKE,2020-01-20T13:21:16
396,389,LIKE,2016-10-26T04:47:21
154,337,LIKE,2019-10-29T15:36:22
358,506,DISLIKE,2018-11-05T17:48:00
366,106,LIKE,2018-03-18T01:47:22
140,32,LIKE,2019-01-26T11:16:45
427,74,LIKE,2019-01-24T10:24:21
51,171,LIKE,2020-10-06T22:43:36
117,849,DISLIKE,2020-09-28T01:34:40
421,69,LIKE,2018-03-11T16:36:36
46,813,LIKE,2018-12-05T04:57:32
309,362,LIKE,2016-03-02T15:01:46
88,649,LIKE,2019-07-03T07:07:07
208,433,LIKE,2017-01-11T16:07:21
377,929,LIKE,2018-12-26T19:12:14
269,996,LIKE,2017-09-10T03:23:31
89,100,DISLIKE,2020-11-27T05:20:00
381,658,LIKE,2020-11-24T05:48:10
118,9,LIKE,2020-07-30T20:51:58
54,574,LIKE,2017-06-26T06:33:30
441,697,LIKE,2018-06-03T05:57:54
116,29,LIKE,2019-01-08T06:50:57
118,893,LIKE,2018-10-07T00:29:19
260,114,LIKE,2020-05-04T21:30:09
75,462,DISLIKE,2020-02-23T14:10:05
480,921,DISLIKE,2019-10-20T13:31:28
305,143,LIKE,2016-08-31T14:29:19
