video_id,name,channel_id,published_datetime,no_of_views
1,Video_1,42,2018-06-11T20:31:53,928032
2,Video_2,42,2017-12-07T18:36:23,444316
3,Video_3,36,2016-10-07T19:10:17,373013
4,Video_4,20,2019-09-10T07:15:28,926683
5,Video_5,4,2016-11-01T20:27:04,311925
6,Video_6,7,2016-11-08T06:21:46,187339
7,Video_7,1,2019-10-10T11:04:14,476595
8,Video_8,44,2017-05-31T21:03:26,418168
9,Video_9,45,2018-07-19T09:48:32,841230
10,Video_10,42,2016-03-30T22:27:49,99696
11,Video_11,47,2016-05-22T21:20:06,504650
12,Video_12,13,2018-10-04T19:07:41,51939
13,Video_13,22,2016-06-23T08:33:10,816948
14,Video_14,21,2018-06-30T11:05:13,712886
15,Video_15,22,2019-01-18T16:57:51,142521
16,Video_16,28,2019-03-10T14:10:38,575578
17,Video_17,9,2019-08-31T02:20:04,914120
18,Video_18,26,2017-03-28T06:28:14,874093
19,Video_19,9,2018-01-28T16:40:49,336098
20,Video_20,15,2020-07-08T06:37:53,810178
21,Video_21,10,2019-07-04T04:48:18,593278
22,Video_22,24,2020-10-24T06:39:17,584098
23,Video_23,42,2017-07-13T10:00:53,643650
24,Video_24,8,2017-06-12T02:53:58,477513
25,Video_25,24,2017-06-27T22:07:02,147295
26,Video_26,16,2016-09-02T08:18:24,466453
27,Video_27,49,2019-04-03T12:34:13,658957
28,Video_28,26,2018-01-18T05:34:15,722037
29,Video_29,27,2020-03-26T04:45:34,265803
30,Video_30,37,2020-12-16T19:20:51,87516
31,Video_31,4,2017-03-20T15:37:51,75567
32,Video_32,50,2017-12-22T09:13:30,802469
33,Video_33,24,2019-12-03T17:49:47,127498
34,Video_34,19,2018-02-28T01:55:23,703098
35,Video_35,36,2019-11-28T20:03:36,465894
36,Video_36,39,2018-03-04T06:32:20,537397
37,Video_37,10,2016-01-30T04:43:23,285154
38,Video_38,25,2019-12-16T11:47:49,796219
39,Video_39,18,2018-06-12T15:22:16,764760
40,Video_40,19,2020-08-25T05:18:41,140544
41,Video_41,36,2017-05-05T19:30:59,247183
42,Video_42,10,2016-08-17T11:32:33,679743
43,Video_43,33,2019-10-04T09:45:35,324853
44,Video_44,50,2018-12-09T15:14:24,464001
45,Video_45,5,2020-12-30T12:31:18,769613
46,Video_46,47,2018-07-18T10:33:26,35518
47,Video_47,49,2019-08-11T06:46:03,54909
48,Video_48,35,2018-02-16T00:40:31,805783
49,Video_49,44,2019-11-20T08:08:48,725984
50,Video_50,34,2018-07-27T15:49:28,971834
51,Video_51,33,2017-09-10T22:41:45,516693
52,Video_52,21,2019-04-10T04:48:26,540570
53,Video_53,17,2020-02-10T06:36:16,479082
54,Video_54,22,2016-11-27T08:38:39,240017
55,Video_55,48,2018-01-06T23:20:21,415994
56,Video_56,37,2019-03-30T20:34:58,942768
57,Video_57,15,2020-11-11T21:38:49,453891
58,Video_58,35,2019-01-20T05:56:05,792507
59,Video_59,28,2020-11-20T21:05:03,470164
60,Video_60,7,2018-07-08T05:50:39,704814
61,Video_61,32,2018-07-06T06:00:03,29365
62,Video_62,11,2016-03-09T03:56:05,466982
63,Video_63,10,2019-05-14T17:24:55,442416
64,Video_64,9,2018-05-02T18:44:27,274146
65,Video_65,14,2016-01-26T03:49:41,277091
66,Video_66,13,2020-10-24T06:43:33,211294
67,Video_67,25,2016-06-01T09:00:14,882272
68,Video_68,2,2020-03-23T06:40:15,117219
69,Video_69,35,2018-06-08T04:10:57,341754
70,Video_70,7,2017-12-15T22:52:15,839574
71,Video_71,21,2018-12-30T14:57:16,581595
72,Video_72,18,2017-11-11T10:09:42,136565
73,Video_73,3,2017-08-13T17:16:07,780383
74,Video_74,42,2018-02-17T16:05:18,313229
75,Video_75,39,2017-02-28T22:59:56,559516
76,Video_76,41,2016-10-28T21:04:03,736036
77,Video_77,49,2016-05-02T11:33:37,970379
78,Video_78,11,2018-08-17T19:42:18,425871
79,Video_79,39,2019-10-01T14:09:35,568760
80,Video_80,24,2016-04-13T15:50:22,836869
81,Video_81,46,2020-12-05T16:09:18,967920
82,Video_82,19,2019-02-07T14:01:31,847143
83,Video_83,4,2017-02-12T06:46:28,138888
84,Video_84,26,2016-10-07T00:49:53,78175
85,Video_85,38,2018-07-05T21:01:49,589595
86,Video_86,42,2018-10-12T01:56:37,309877
87,Video_87,32,2019-07-14T22:09:22,915634
88,Video_88,39,2017-06-29T16:40:23,96028
89,Video_89,45,2017-09-15T20:20:43,510666
90,Video_90,46,2017-02-14T14:32:55,143312
91,Video_91,36,2020-08-02T21:09:26,492450
92,Video_92,40,2019-02-10T16:18:53,93493
93,Video_93,37,2020-07-07T07:13:19,126149
94,Video_94,33,2020-04-08T00:31:45,754704
95,Video_95,36,2018-04-26T17:06:43,203435
96,Video_96,3,2017-05-26T05:19:17,164834
97,Video_97,9,2018-03-09T09:04:40,271403
98,Video_98,8,2020-02-06T01:10:41,182211
99,Video_99,33,2018-07-05T23:20:29,916207
100,Video_100,6,2018-11-18T08:26:23,277993
101,Video_101,41,2016-12-23T19:40:33,344912
102,Video_102,39,2019-12-26T01:19:08,369252
103,Video_103,4,2016-08-21T22:43:38,877141
104,Video_104,13,2017-03-13T07:36:13,318013
105,Video_105,49,2017-12-01T23:03:02,914320
106,Video_106,2,2019-05-19T17:08:55,64095
107,Video_107,5,2020-09-27T12:14:27,118886
108,Video_108,44,2019-02-10T10:09:53,858342
109,Video_109,27,2016-10-07T13:28:12,480926
110,Video_110,32,2019-05-10T21:36:42,286711
111,Video_111,21,2016-02-13T05:51:01,36292
112,Video_112,8,2018-04-01T15:27:39,75813
113,Video_113,38,2020-07-25T01:43:53,622424
114,Video_114,8,2017-01-18T23:26:38,576919
115,Video_115,50,2019-11-13T23:18:15,10885
116,Video_116,3,2019-02-19T03:44:19,978163
117,Video_117,44,2018-03-25T12:10:17,186378
118,Video_118,3,2020-12-21T03:57:35,853746
119,Video_119,22,2019-03-29T19:19:12,328231
120,Video_120,6,2019-02-28T03:04:56,423381
121,Video_121,2,2016-12-02T14:52:15,977433
122,Video_122,23,2017-12-27T11:01:29,461244
123,Video_123,44,2020-01-04T19:51:48,883430
124,Video_124,2,2016-03-18T17:58:22,575100
125,Video_125,38,2020-10-10T05:34:06,706860
126,Video_126,17,2018-10-16T01:55:14,473367
127,Video_127,35,2017-11-18T18:20:04,321787
128,Video_128,34,2016-07-15T09:48:14,45900
129,Video_129,23,2019-12-13T10:17:46,437162
130,Video_130,30,2018-07-27T20:55:56,402067
131,Video_131,8,2019-06-22T12:44:45,803720
132,Video_132,22,2016-12-28T11:59:18,73692
133,Video_133,44,2017-03-10T06:31:47,461796
134,Video_134,36,2016-05-20T21:18:11,401584
135,Video_135,5,2016-04-25T14:44:14,872868
136,Video_136,13,2018-08-03T15:04:04,752496
137,Video_137,29,2020-03-10T12:45:14,47403
138,Video_138,31,2016-12-26T18:34:14,616458
139,Video_139,47,2016-10-28T23:09:39,796600
140,Video_140,16,2017-12-30T11:57:32,313023
141,Video_141,42,2020-07-28T02:22:48,60871
142,Video_142,30,2017-02-25T11:50:40,483604
143,Video_143,16,2019-04-22T11:32:00,492862
144,Video_144,12,2019-11-10T10:07:48,33174
145,Video_145,17,2019-02-26T16:37:25,756111
146,Video_146,16,2020-08-05T07:40:18,224563
147,Video_147,12,2019-07-26T04:21:21,138653
148,Video_148,8,2020-12-29T19:16:13,111155
149,Video_149,20,2017-04-25T02:03:44,334997
150,Video_150,3,2019-07-13T00:01:57,851478
151,Video_151,16,2016-11-03T15:35:17,312822
152,Video_152,30,2020-02-29T08:21:34,502608
153,Video_153,45,2019-06-21T23:19:33,814081
154,Video_154,23,2018-05-19T02:56:13,128795
155,Video_155,28,2016-04-11T15:30:11,89668
156,Video_156,40,2019-02-25T04:42:59,738685
157,Video_157,5,2017-11-06T00:48:06,670927
158,Video_158,20,2019-10-09T13:02:20,474620
159,Video_159,40,2019-10-13T14:55:34,877338
160,Video_160,44,2018-01-03T13:50:03,764429
161,Video_161,1,2019-01-31T19:49:53,621307
162,Video_162,30,2016-11-04T16:25:03,980448
163,Video_163,21,2019-02-15T06:28:46,865434
164,Video_164,20,2020-08-18T14:19:00,554091
165,Video_165,6,2019-01-19T08:39:37,674590
166,Video_166,22,2016-07-07T02:56:31,674222
167,Video_167,18,2019-05-21T23:26:36,437571
168,Video_168,8,2018-05-07T03:12:41,949763
169,Video_169,39,2017-08-12T17:09:06,231147
170,Video_170,32,2017-01-14T12:53:19,556083
171,Video_171,33,2019-11-13T18:11:05,508820
172,Video_172,16,2016-10-11T19:39:56,271914
173,Video_173,12,2017-10-20T23:45:21,536381
174,Video_174,38,2016-03-07T08:31:38,965075
175,Video_175,34,2016-06-06T03:24:25,394409
176,Video_176,14,2018-11-02T04:14:42,363455
177,Video_177,36,2018-01-26T17:48:46,280713
178,Video_178,33,2017-01-26T05:33:54,798622
179,Video_179,23,2020-10-20T01:59:06,850256
180,Video_180,50,2017-09-29T13:14:12,699112
181,Video_181,45,2016-08-01T03:56:37,688687
182,Video_182,2,2020-09-17T20:43:40,305214
183,Video_183,41,2017-10-05T14:46:23,565485
184,Video_184,21,2020-12-26T19:53:31,527549
185,Video_185,2,2017-11-01T22:29:59,158584
186,Video_186,27,2017-12-24T21:38:26,925220
187,Video_187,9,2018-10-17T19:10:32,349939
188,Video_188,1,2017-04-03T10:26:12,292077
189,Video_189,11,2016-01-09T19:26:02,660738
190,Video_190,3,2018-05-11T11:06:39,565871
191,Video_191,23,2017-03-25T12:43:03,375226
192,Video_192,26,2017-02-07T20:54:57,872803
193,Video_193,4,2020-08-05T09:23:03,685393
194,Video_194,18,2018-02-17T18:07:53,418216
195,Video_195,6,2017-06-26T03:26:54,112032
196,Video_196,35,2016-12-07T12:42:08,207940
197,Video_197,22,2016-03-21T02:18:27,305748
198,Video_198,43,2017-02-13T11:57:40,462552
199,Video_199,15,2016-02-16T04:03:58,882506
200,Video_200,22,2019-01-18T00:28:48,227727
201,Video_201,37,2018-01-09T05:27:58,74869
202,Video_202,42,2018-10-02T22:09:01,792842
203,Video_203,12,2016-02-19T00:43:22,870807
204,Video_204,47,2017-06-25T08:44:18,712404
205,Video_205,49,2018-04-04T11:14:09,719675
206,Video_206,42,2016-06-11T19:09:15,883487
207,Video_207,38,2017-01-28T19:48:06,203416
208,Video_208,18,2019-07-31T21:05:39,925300
209,Video_209,45,2020-06-22T11:46:48,612004
210,Video_210,35,2016-12-19T02:18:22,579533
211,Video_211,30,2016-07-16T11:13:50,568344
212,Video_212,24,2020-01-19T15:28:22,411925
213,Video_213,42,2019-10-24T17:49:21,776024
214,Video_214,30,2019-01-29T19:34:57,321701
215,Video_215,14,2020-05-13T13:47:44,280687
216,Video_216,6,2016-12-04T19:39:22,431634
217,Video_217,3,2019-11-05T07:58:01,750971
218,Video_218,16,2020-04-14T08:56:09,497507
219,Video_219,7,2017-11-19T07:56:48,883470
220,Video_220,14,2016-05-14T17:31:52,410940
221,Video_221,9,2020-06-08T02:13:15,266972
222,Video_222,15,2018-07-26T03:11:15,117656
223,Video_223,21,2019-11-24T02:07:32,18087
224,Video_224,35,2016-04-06T18:45:36,931109
225,Video_225,2,2016-07-07T23:28:14,294481
226,Video_226,27,2020-01-28T03:28:46,137554
227,Video_227,2,2019-06-01T18:45:11,852765
228,Video_228,35,2019-08-17T09:15:53,486757
229,Video_229,18,2016-12-01T10:13:02,183024
230,Video_230,14,2020-03-03T05:05:42,137535
231,Video_231,20,2019-10-10T02:24:16,768524
232,Video_232,18,2016-08-16T07:51:52,595736
233,Video_233,10,2016-09-08T00:10:29,529936
234,Video_234,25,2018-09-27T18:23:53,393720
235,Video_235,2,2017-04-05T20:34:19,296767
236,Video_236,25,2016-07-23T01:37:21,453372
237,Video_237,33,2017-01-27T01:31:36,36634
238,Video_238,36,2018-05-04T10:40:44,963106
239,Video_239,31,2020-12-23T15:57:16,377742
240,Video_240,14,2020-08-30T16:25:09,312478
241,Video_241,1,2018-10-07T07:35:03,856080
242,Video_242,46,2019-03-29T10:17:24,547342
243,Video_243,16,2020-07-06T09:11:06,595316
244,Video_244,46,2018-07-05T05:10:11,547495
245,Video_245,3,2019-11-10T15:28:25,474866
246,Video_246,35,2020-04-19T16:37:13,756181
247,Video_247,41,2019-08-29T13:59:12,606842
248,Video_248,6,2016-11-04T03:16:54,677746
249,Video_249,25,2016-12-21T11:19:52,608564
250,Video_250,13,2020-09-08T22:32:03,978022
251,Video_251,34,2017-10-30T01:16:54,315925
252,Video_252,8,2019-08-29T04:20:20,709140
253,Video_253,21,2019-11-03T22:22:28,193512
254,Video_254,34,2017-12-10T21:42:57,962703
255,Video_255,4,2019-07-09T16:10:35,848467
256,Video_256,25,2018-11-19T00:34:22,533498
257,Video_257,15,2019-11-09T23:19:44,569651
258,Video_258,4,2019-05-23T19:28:38,767535
259,Video_259,45,2019-07-16T10:26:11,603567
260,Video_260,12,2016-10-22T10:06:50,192420
261,Video_261,32,2018-08-29T01:17:39,711644
262,Video_262,32,2019-08-18T21:49:51,501844
263,Video_263,28,2018-08-28T23:26:47,204196
264,Video_264,13,2018-03-02T21:57:38,200919
265,Video_265,31,2019-03-08T21:54:24,416648
266,Video_266,14,2017-04-19T05:34:58,258324
267,Video_267,20,2020-01-13T11:58:37,720449
268,Video_268,18,2016-07-27T13:49:21,973902
269,Video_269,29,2016-10-10T10:12:46,755651
270,Video_270,6,2016-09-22T05:13:41,659681
271,Video_271,32,2016-10-16T15:44:24,868780
272,Video_272,29,2019-09-03T19:02:50,431599
273,Video_273,43,2016-10-27T00:21:56,376960
274,Video_274,2,2019-03-03T18:33:48,735042
275,Video_275,23,2017-02-08T06:06:41,648341
276,Video_276,19,2020-09-24T14:00:32,473406
277,Video_277,31,2016-07-05T08:30:21,184965
278,Video_278,5,2020-12-27T02:00:20,167892
279,Video_279,19,2020-10-10T18:55:05,853694
280,Video_280,34,2020-10-11T02:08:54,135832
281,Video_281,10,2018-10-21T04:11:08,154262
282,Video_282,25,2017-01-14T18:13:30,68411
283,Video_283,2,2019-06-30T08:06:43,286521
284,Video_284,11,2019-01-03T14:11:01,440953
285,Video_285,50,2019-08-07T00:27:27,988073
286,Video_286,31,2016-06-08T20:05:50,39211
287,Video_287,15,2018-06-12T15:12:10,214981
288,Video_288,9,2018-08-28T17:52:43,266888
289,Video_289,23,2018-12-28T12:38:25,781926
290,Video_290,19,2016-11-17T21:01:04,288139
291,Video_291,9,2020-11-30T12:43:40,673337
292,Video_292,35,2020-04-25T11:25:19,754298
293,Video_293,21,2017-10-22T22:57:18,559830
294,Video_294,9,2017-04-25T17:31:04,11651
295,Video_295,28,2020-02-07T02:38:51,100239
296,Video_296,46,2017-11-27T16:54:32,866363
297,Video_297,7,2016-12-02T05:20:51,751704
298,Video_298,16,2018-12-23T18:23:28,889544
299,Video_299,16,2020-09-24T06:09:36,804147
300,Video_300,33,2019-02-15T23:20:18,438625
301,Video_301,4,2016-12-22T22:28:11,156378
302,Video_302,4,2018-05-15T11:33:05,151158
303,Video_303,39,2020-11-18T15:59:57,408592
304,Video_304,40,2017-12-03T15:38:39,324494
305,Video_305,17,2019-08-26T04:56:24,334569
306,Video_306,37,2020-10-08T20:38:02,497574
307,Video_307,39,2020-09-25T17:31:31,430852
308,Video_308,29,2016-03-22T13:37:39,873552
309,Video_309,36,2018-04-10T22:20:52,902321
310,Video_310,38,2016-03-30T22:54:21,445865
311,Video_311,39,2017-07-14T12:47:51,428826
312,Video_312,50,2018-04-29T00:31:01,666418
313,Video_313,37,2018-08-17T23:34:04,256948
314,Video_314,35,2018-11-21T19:09:47,522481
315,Video_315,7,2018-12-26T14:12:13,862069
316,Video_316,27,2016-01-19T23:16:50,472249
317,Video_317,28,2017-07-17T14:34:43,857626
318,Video_318,22,2017-03-21T01:36:19,864349
319,Video_319,14,2020-10-25T11:57:41,65200
320,Video_320,7,2019-05-30T04:38:49,106848
321,Video_321,37,2016-08-04T04:39:55,107022
322,Video_322,22,2017-03-16T18:56:26,702979
323,Video_323,5,2016-04-05T05:57:32,935658
324,Video_324,2,2016-10-12T01:56:55,413755
325,Video_325,27,2020-07-06T03:39:22,781741
326,Video_326,21,2017-10-30T09:28:13,847490
327,Video_327,38,2019-03-14T19:05:16,63068
328,Video_328,15,2019-07-28T08:58:46,471529
329,Video_329,21,2019-11-10T10:16:54,887364
330,Video_330,10,2018-11-25T03:02:49,162445
331,Video_331,23,2017-05-04T01:17:10,689514
332,Video_332,39,2019-02-23T17:09:30,138103
333,Video_333,5,2018-08-26T05:21:58,225605
334,Video_334,1,2018-10-04T19:44:28,204047
335,Video_335,13,2020-10-29T10:50:34,810217
336,Video_336,21,2016-09-20T22:51:21,997432
337,Video_337,26,2016-06-12T10:47:54,250768
338,Video_338,50,2017-04-28T08:52:43,685029
339,Video_339,45,2017-05-04T01:19:57,95475
340,Video_340,21,2016-06-03T14:33:36,511370
341,Video_341,18,2016-09-10T11:09:34,527570
342,Video_342,37,2018-04-25T09:27:30,690984
343,Video_343,45,2019-10-08T16:53:52,704798
344,Video_344,32,2019-08-10T08:49:58,221972
345,Video_345,36,2020-02-17T21:33:41,854966
346,Video_346,17,2019-10-05T09:12:12,163777
347,Video_347,35,2019-07-10T19:46:41,956748
348,Video_348,49,2018-04-28T16:47:46,862396
349,Video_349,11,2017-10-31T17:59:13,693797
350,Video_350,21,2020-05-10T19:18:35,209944
351,Video_351,26,2016-12-19T14:50:54,993382
352,Video_352,4,2018-12-08T09:57:12,644294
353,Video_353,34,2019-08-28T16:41:02,237440
354,Video_354,48,2016-12-10T12:32:26,729342
355,Video_355,18,2018-05-30T00:23:15,313727
356,Video_356,40,2020-02-20T21:58:04,825824
357,Video_357,35,2020-06-25T03:03:17,8461
358,Video_358,41,2018-08-16T05:25:00,625411
359,Video_359,29,2016-05-21T02:33:50,797948
360,Video_360,29,2017-11-16T03:02:47,473501
361,Video_361,38,2019-05-13T00:58:28,149586
362,Video_362,42,2016-06-19T04:50:20,384395
363,Video_363,21,2016-01-24T21:11:26,495178
364,Video_364,42,2017-09-27T02:53:35,954772
365,Video_365,13,2018-07-25T11:27:22,232496
366,Video_366,49,2017-10-18T06:44:49,693148
367,Video_367,41,2017-03-02T08:58:06,732109
368,Video_368,17,2018-03-04T20:54:55,717409
369,Video_369,9,2018-06-18T06:44:32,849925
370,Video_370,41,2018-10-16T10:34:34,561315
371,Video_371,1,2017-01-07T18:40:53,880979
372,Video_372,2,2016-01-25T00:23:00,174921
373,Video_373,48,2020-03-25T07:44:17,887559
374,Video_374,29,2019-08-30T23:57:55,674218
375,Video_375,33,2017-06-29T20:45:15,740522
376,Video_376,10,2017-02-05T08:47:03,604291
377,Video_377,50,2019-03-27T06:19:18,708755
378,Video_378,40,2020-07-12T16:13:05,565046
379,Video_379,21,2017-12-15T22:17:54,317456
380,Video_380,28,2020-04-03T06:15:50,331814
381,Video_381,11,2020-10-01T21:26:54,83279
382,Video_382,34,2019-01-05T08:37:06,16434
383,Video_383,8,2016-08-11T22:20:18,720407
384,Video_384,22,2019-05-18T15:46:20,441991
385,Video_385,8,2016-05-11T10:17:07,338913
386,Video_386,49,2019-09-17T06:53:27,771042
387,Video_387,15,2016-02-28T05:28:13,329821
388,Video_388,17,2019-11-29T09:45:41,84555
389,Video_389,23,2016-08-29T21:51:24,653667
390,Video_390,24,2018-08-30T15:29:32,742280
391,Video_391,45,2020-11-23T19:42:53,764799
392,Video_392,19,2019-08-26T17:45:23,177806
393,Video_393,5,2020-11-16T11:46:45,889097
394,Video_394,32,2019-06-10T11:57:20,482719
395,Video_395,44,2019-07-21T17:31:08,434819
396,Video_396,1,2018-06-18T11:49:07,470924
397,Video_397,23,2016-12-23T19:56:57,69803
398,Video_398,37,2019-06-12T09:23:52,433548
399,Video_399,8,2016-03-05T19:10:38,879135
400,Video_400,13,2018-10-06T00:28:15,808744
401,Video_401,8,2017-06-17T23:47:35,749736
402,Video_402,23,2019-11-30T11:18:40,478742
403,Video_403,43,2019-01-29T05:41:32,700539
404,Video_404,1,2016-09-30T19:26:25,727802
405,Video_405,45,2019-09-18T19:35:25,246404
406,Video_406,24,2016-11-24T21:43:39,643249
407,Video_407,35,2018-01-25T22:59:28,303523
408,Video_408,24,2019-09-15T14:23:46,18297
409,Video_409,17,2019-05-29T03:42:08,789443
410,Video_410,5,2020-06-15T21:28:45,510346
411,Video_411,20,2016-09-01T08:21:07,121234
412,Video_412,21,2019-05-14T14:30:12,569302
413,Video_413,40,2018-08-21T23:44:52,768454
414,Video_414,31,2018-11-20T19:56:43,930242
415,Video_415,46,2017-11-19T09:36:36,881765
416,Video_416,36,2018-10-31T19:23:47,179570
417,Video_417,11,2017-06-06T08:53:01,784152
418,Video_418,15,2016-08-25T07:15:32,798552
419,Video_419,19,2020-05-05T00:23:33,510733
420,Video_420,7,2016-12-20T06:26:33,927271
421,Video_421,28,2020-07-06T12:45:47,285996
422,Video_422,43,2020-05-03T08:46:54,342383
423,Video_423,5,2017-08-25T10:30:28,395145
424,Video_424,5,2018-12-21T11:18:29,733847
425,Video_425,30,2018-12-26T19:53:36,512603
426,Video_426,32,2017-04-03T20:33:08,616863
427,Video_427,8,2018-01-04T01:28:56,508365
428,Video_428,10,2016-11-15T09:39:40,620328
429,Video_429,38,2017-03-30T23:40:21,149510
430,Video_430,47,2018-03-06T06:22:26,180587
431,Video_431,32,2017-09-04T21:39:06,531032
432,Video_432,48,2017-06-23T01:01:29,740180
433,Video_433,28,2017-04-19T22:47:50,436633
434,Video_434,17,2016-08-22T02:44:50,925573
435,Video_435,31,2017-07-04T08:58:20,829791
436,Video_436,8,2020-03-15T04:02:09,676159
437,Video_437,40,2019-12-12T10:50:53,361890
438,Video_438,25,2020-10-17T11:09:50,750122
439,Video_439,9,2020-12-05T08:16:20,646194
440,Video_440,2,2019-10-26T16:48:07,202260
441,Video_441,15,2020-10-19T19:33:29,746219
442,Video_442,50,2018-10-01T04:09:10,778881
443,Video_443,3,2018-09-09T05:01:29,764034
444,Video_444,49,2017-04-14T00:11:58,532885
445,Video_445,36,2019-09-28T07:05:33,834525
446,Video_446,4,2016-07-31T03:47:33,431442
447,Video_447,14,2019-12-27T21:17:25,204199
448,Video_448,41,2019-10-05T21:25:22,377794
449,Video_449,41,2018-07-29T19:55:41,485585
450,Video_450,25,2018-05-03T09:09:10,733722
451,Video_451,50,2016-06-23T12:29:48,682777
452,Video_452,10,2018-12-29T10:42:50,937197
453,Video_453,21,2020-04-25T05:46:48,473890
454,Video_454,36,2016-08-18T12:03:23,384100
455,Video_455,12,2018-08-22T09:41:12,116598
456,Video_456,27,2019-12-05T14:00:54,251100
457,Video_457,40,2019-11-05T01:08:25,783877
458,Video_458,2,2016-04-26T20:11:59,709521
459,Video_459,13,2016-06-25T18:01:47,777676
460,Video_460,32,2019-02-19T15:04:05,134241
461,Video_461,31,2018-06-10T22:00:54,740452
462,Video_462,16,2016-08-26T09:28:41,154124
463,Video_463,32,2016-10-07T12:59:43,466065
464,Video_464,32,2020-04-24T09:43:01,205923
465,Video_465,34,2019-04-09T13:05:29,9036
466,Video_466,11,2019-12-08T14:16:54,557066
467,Video_467,10,2020-12-08T00:29:48,946238
468,Video_468,15,2020-09-18T04:49:26,155245
469,Video_469,17,2016-05-07T10:52:30,686763
470,Video_470,40,2019-10-29T06:34:30,984825
471,Video_471,18,2020-11-11T01:48:43,203747
472,Video_472,9,2017-08-07T20:09:07,924848
473,Video_473,25,2018-09-25T22:46:23,544088
474,Video_474,40,2020-01-17T17:28:14,288516
475,Video_475,14,2020-04-06T16:39:21,324660
476,Video_476,25,2017-04-13T17:01:00,807970
477,Video_477,50,2016-07-11T05:38:15,851350
478,Video_478,22,2019-10-31T17:26:17,933477
479,Video_479,30,2016-11-17T13:39:33,334299
480,Video_480,20,2018-12-03T00:34:35,756600
481,Video_481,21,2016-09-19T00:02:08,60500
482,Video_482,44,2020-04-16T13:54:01,168647
483,Video_483,32,2017-06-20T02:55:30,237527
484,Video_484,46,2016-05-01T14:38:55,436477
485,Video_485,49,2018-02-08T17:06:39,635947
486,Video_486,21,2019-09-22T01:37:21,553004
487,Video_487,35,2019-09-27T05:39:49,397452
488,Video_488,32,2020-06-16T05:23:01,410064
489,Video_489,30,2020-06-12T02:55:06,3352
490,Video_490,39,2017-05-08T04:58:31,134004
491,Video_491,49,2019-02-04T14:11:54,863881
492,Video_492,12,2019-03-04T09:51:31,533844
493,Video_493,41,2018-05-28T22:04:27,787261
494,Video_494,47,2019-04-18T15:52:21,349980
495,Video_495,18,2019-06-24T00:03:18,661858
496,Video_496,21,2018-11-17T06:28:59,732478
497,Video_497,13,2016-06-11T16:39:20,51098
498,Video_498,21,2018-11-05T17:15:50,982890
499,Video_499,8,2016-07-23T18:44:39,375313
500,Video_500,46,2018-10-21T07:31:29,665929
501,Video_501,40,2016-10-20T14:52:26,248199
502,Video_502,46,2020-09-29T12:45:09,127060
503,Video_503,7,2019-04-16T00:18:58,188954
504,Video_504,23,2018-06-01T19:32:03,726753
505,Video_505,44,2018-02-21T22:10:03,131544
506,Video_506,32,2017-04-12T04:38:52,525628
507,Video_507,11,2018-11-01T17:16:31,700309
508,Video_508,22,2016-09-10T05:13:42,607590
509,Video_509,22,2020-12-15T12:12:27,980947
510,Video_510,43,2017-03-15T09:39:51,748028
511,Video_511,25,2018-12-22T20:31:42,468243
512,Video_512,22,2018-08-21T20:33:16,525426
513,Video_513,28,2019-05-02T18:30:20,394574
514,Video_514,29,2017-02-04T15:19:56,644907
515,Video_515,13,2016-09-20T05:06:27,469466
516,Video_516,18,2018-08-19T20:05:54,872808
517,Video_517,2,2020-10-02T12:15:00,625219
518,Video_518,29,2019-03-16T07:14:41,949158
519,Video_519,21,2018-10-17T12:59:13,157951
520,Video_520,15,2017-02-01T00:59:36,868964
521,Video_521,27,2020-06-23T10:43:56,843210
522,Video_522,50,2016-10-17T08:21:29,563060
523,Video_523,31,2019-08-08T11:28:01,59478
524,Video_524,15,2020-04-28T19:38:59,458569
525,Video_525,23,2019-01-29T03:51:30,552050
526,Video_526,24,2016-02-26T15:22:03,145355
527,Video_527,44,2019-01-31T13:14:30,720282
528,Video_528,13,2018-08-17T14:43:25,695780
529,Video_529,22,2017-07-14T01:22:38,843000
530,Video_530,43,2017-10-27T11:21:45,872522
531,Video_531,37,2018-11-27T17:24:37,807651
532,Video_532,33,2020-02-19T18:59:16,844601
533,Video_533,3,2017-08-19T12:56:52,494671
534,Video_534,19,2017-12-04T20:16:25,600253
535,Video_535,23,2017-03-03T09:36:59,178912
536,Video_536,29,2017-04-26T09:32:59,176767
537,Video_537,30,2016-08-27T17:50:45,237281
538,Video_538,39,2018-07-07T23:51:26,85754
539,Video_539,44,2016-11-10T05:36:06,603276
540,Video_540,47,2020-04-26T08:05:19,452558
541,Video_541,25,2020-08-04T00:13:29,508732
542,Video_542,37,2020-06-23T21:02:39,151023
543,Video_543,47,2016-04-27T06:39:24,657667
544,Video_544,8,2018-11-12T06:58:17,81388
545,Video_545,42,2017-02-11T03:43:29,878200
546,Video_546,16,2019-03-16T10:16:10,822860
547,Video_547,8,2017-04-24T05:55:10,240779
548,Video_548,1,2017-05-19T02:01:44,879453
549,Video_549,44,2017-07-15T20:51:08,905850
550,Video_550,5,2017-05-29T07:29:41,207846
551,Video_551,3,2019-09-21T19:17:41,695335
552,Video_552,1,2016-05-15T17:56:37,133212
553,Video_553,4,2019-06-30T11:50:19,943346
554,Video_554,40,2019-02-05T20:07:58,813853
555,Video_555,35,2018-01-07T23:32:06,789140
556,Video_556,32,2019-10-12T01:51:22,922134
557,Video_557,42,2018-06-04T05:45:58,413811
558,Video_558,34,2019-10-26T18:29:42,601309
559,Video_559,43,2017-12-28T00:31:27,160380
560,Video_560,25,2020-07-17T02:45:27,45789
561,Video_561,10,2018-01-13T01:41:44,974194
562,Video_562,21,2018-08-19T11:35:54,27086
563,Video_563,46,2019-12-28T04:20:16,280003
564,Video_564,39,2017-08-25T18:53:41,532972
565,Video_565,27,2019-02-16T20:12:34,92088
566,Video_566,27,2020-11-07T05:33:09,395423
567,Video_567,2,2019-09-30T21:19:25,571387
568,Video_568,41,2019-12-05T09:21:14,986000
569,Video_569,48,2018-05-25T10:25:22,591381
570,Video_570,13,2019-04-01T10:28:21,161761
571,Video_571,9,2020-04-11T11:26:27,836083
572,Video_572,36,2020-06-26T18:15:09,539181
573,Video_573,22,2019-07-24T17:36:48,492024
574,Video_574,42,2017-05-18T11:55:59,591706
575,Video_575,26,2017-09-12T10:32:31,126074
576,Video_576,12,2017-03-05T23:44:32,890497
577,Video_577,17,2018-02-15T17:35:27,131351
578,Video_578,14,2016-06-11T02:48:28,716371
579,Video_579,14,2020-02-02T03:26:11,39635
580,Video_580,34,2019-02-27T07:34:50,974619
581,Video_581,20,2020-09-18T21:33:17,96071
582,Video_582,11,2016-11-14T17:38:40,996909
583,Video_583,16,2020-05-21T20:59:31,466918
584,Video_584,31,2017-01-22T08:38:54,865950
585,Video_585,6,2018-06-04T15:50:21,369377
586,Video_586,19,2016-09-17T14:10:56,891083
587,Video_587,37,2017-05-13T01:45:15,598093
588,Video_588,4,2018-04-27T12:47:36,977458
589,Video_589,47,2019-10-27T23:40:08,422280
590,Video_590,4,2020-05-13T22:21:16,910245
591,Video_591,20,2017-04-02T19:06:42,342207
592,Video_592,10,2019-09-21T04:19:07,265598
593,Video_593,24,2016-10-11T22:39:33,284022
594,Video_594,35,2017-11-20T20:21:13,183170
595,Video_595,26,2019-11-02T14:32:27,194226
596,Video_596,37,2018-12-22T02:57:08,145063
597,Video_597,38,2016-03-23T20:40:25,593632
598,Video_598,21,2019-07-13T00:57:21,892378
599,Video_599,40,2016-06-14T11:07:17,561881
600,Video_600,39,2019-05-16T17:45:00,561592
601,Video_601,21,2020-04-08T16:21:48,424602
602,Video_602,10,2019-03-07T20:35:23,711580
603,Video_603,38,2018-01-02T12:53:14,114613
604,Video_604,46,2019-04-14T18:37:57,725698
605,Video_605,4,2016-09-10T12:56:32,488505
606,Video_606,45,2019-03-10T19:30:54,415299
607,Video_607,20,2017-11-28T14:49:25,543642
608,Video_608,17,2016-03-28T13:48:56,285334
609,Video_609,7,2018-09-17T02:51:58,531430
610,Video_610,4,2016-11-03T20:10:23,422614
611,Video_611,29,2018-11-07T17:03:38,184043
612,Video_612,14,2017-03-29T18:13:32,829294
613,Video_613,3,2017-03-03T12:10:09,709770
614,Video_614,24,2016-04-29T00:05:35,151575
615,Video_615,37,2018-06-10T07:16:41,126438
616,Video_616,16,2020-01-07T20:47:34,573744
617,Video_617,4,2017-03-07T05:07:59,625455
618,Video_618,24,2019-12-28T11:23:11,869467
619,Video_619,34,2019-10-25T18:09:01,795448
620,Video_620,30,2016-01-17T07:33:26,265528
621,Video_621,18,2016-09-03T03:30:07,194392
622,Video_622,19,2016-02-29T01:01:57,409288
623,Video_623,31,2018-03-06T03:04:16,103239
624,Video_624,19,2017-11-01T00:22:58,636719
625,Video_625,49,2017-04-09T12:59:27,867450
626,Video_626,46,2020-09-01T01:48:36,565798
627,Video_627,19,2020-06-27T17:29:44,705293
628,Video_628,22,2019-08-08T00:09:45,809258
629,Video_629,24,2016-12-11T10:41:35,331170
630,Video_630,45,2018-06-14T02:24:38,122668
631,Video_631,12,2018-01-08T07:44:23,767988
632,Video_632,30,2018-07-24T15:27:39,419734
633,Video_633,38,2017-01-13T13:40:16,549333
634,Video_634,31,2016-05-28T08:27:24,182948
635,Video_635,36,2018-01-10T19:20:16,486662
636,Video_636,19,2019-07-28T08:27:40,615390
637,Video_637,48,2019-11-21T04:51:43,315063
638,Video_638,45,2016-07-14T03:14:27,624729
639,Video_639,36,2016-12-10T10:09:48,159175
640,Video_640,30,2020-04-01T21:58:04,250877
641,Video_641,49,2020-07-23T11:04:03,954692
642,Video_642,33,2016-02-21T01:30:30,137917
643,Video_643,18,2020-05-20T05:11:59,218770
644,Video_644,49,2020-11-21T14:38:47,955178
645,Video_645,28,2018-01-21T16:12:52,643613
646,Video_646,47,2017-03-22T01:51:55,544625
647,Video_647,11,2018-06-23T22:48:48,678673
648,Video_648,45,2019-08-26T14:22:18,945447
649,Video_649,33,2016-01-05T20:38:43,341093
650,Video_650,17,2019-01-01T03:52:14,787708
651,Video_651,6,2018-01-17T09:46:11,314295
652,Video_652,4,2020-11-07T23:46:15,936115
653,Video_653,20,2019-07-18T05:31:53,668304
654,Video_654,48,2017-08-04T23:08:14,840319
655,Video_655,47,2016-09-22T23:50:20,606730
656,Video_656,27,2020-06-14T09:50:14,50847
657,Video_657,15,2019-01-25T08:33:54,59653
658,Video_658,6,2016-07-29T06:32:09,742432
659,Video_659,47,2020-06-22T09:50:06,778949
660,Video_660,14,2020-08-17T09:41:29,319766
661,Video_661,11,2020-04-25T05:05:41,290954
662,Video_662,39,2020-04-26T03:05:01,78842
663,Video_663,9,2020-09-17T16:33:53,909657
664,Video_664,26,2016-03-04T04:14:08,273647
665,Video_665,16,2019-04-28T02:20:25,85761
666,Video_666,5,2019-12-31T15:48:45,431192
667,Video_667,10,2016-05-15T06:09:43,913871
668,Video_668,50,2019-04-16T23:57:42,799022
669,Video_669,3,2019-03-05T19:26:37,517637
670,Video_670,13,2018-02-27T01:32:03,667246
671,Video_671,43,2016-02-20T11:06:31,931370
672,Video_672,49,2019-01-14T10:50:56,329768
673,Video_673,30,2016-07-28T21:36:20,987403
674,Video_674,45,2018-12-07T06:20:15,689152
675,Video_675,6,2018-01-19T03:39:06,403980
676,Video_676,17,2016-11-18T01:44:17,782198
677,Video_677,45,2020-12-12T21:51:23,121356
678,Video_678,19,2018-10-30T02:23:04,218228
679,Video_679,42,2017-02-18T11:44:25,43727
680,Video_680,35,2016-05-17T17:54:30,341615
681,Video_681,46,2018-12-30T13:19:14,533356
682,Video_682,26,2020-08-23T09:44:08,642211
683,Video_683,5,2018-11-17T19:54:47,401511
684,Video_684,29,2017-06-27T23:35:28,435376
685,Video_685,37,2019-12-14T12:47:38,12390
686,Video_686,20,2020-01-26T17:52:13,632040
687,Video_687,49,2017-07-20T07:37:56,938635
688,Video_688,21,2017-02-22T23:20:14,357898
689,Video_689,10,2016-07-15T01:07:01,339113
690,Video_690,5,2019-11-22T23:03:46,671398
691,Video_691,36,2016-04-24T21:42:41,970831
692,Video_692,6,2018-06-30T16:39:51,750078
693,Video_693,26,2017-09-18T07:42:50,340208
694,Video_694,4,2016-05-16T02:25:57,22281
695,Video_695,39,2017-09-11T17:32:55,55189
696,Video_696,39,2016-05-10T04:44:00,263093
697,Video_697,50,2018-09-07T12:31:46,311655
698,Video_698,35,2018-08-21T08:56:01,647403
699,Video_699,1,2020-05-20T05:47:08,533893
700,Video_700,24,2019-05-22T05:44:15,363462
701,Video_701,36,2020-08-14T03:18:12,395597
702,Video_702,6,2020-01-10T19:14:42,985138
703,Video_703,41,2018-02-26T00:26:36,807242
704,Video_704,46,2016-04-23T18:38:32,250415
705,Video_705,44,2017-08-16T17:42:17,680682
706,Video_706,31,2018-06-07T21:58:28,42869
707,Video_707,20,2019-01-14T01:55:25,558243
708,Video_708,24,2016-05-28T12:31:36,586676
709,Video_709,25,2018-10-28T06:05:54,766612
710,Video_710,36,2018-04-28T20:30:25,11207
711,Video_711,21,2017-01-21T17:31:44,219401
712,Video_712,30,2019-02-17T09:29:54,986132
713,Video_713,24,2019-09-19T13:27:22,160292
714,Video_714,44,2019-05-27T19:47:07,478266
715,Video_715,42,2019-09-28T05:08:23,497762
716,Video_716,30,2019-04-16T06:19:25,206157
717,Video_717,22,2018-11-19T08:24:11,23031
718,Video_718,28,2017-08-03T10:06:04,464937
719,Video_719,7,2020-03-21T15:35:39,868239
720,Video_720,35,2020-03-25T18:01:58,596600
721,Video_721,28,2019-02-15T07:22:18,585054
722,Video_722,14,2020-06-01T08:00:50,144521
723,Video_723,10,2018-04-08T16:08:10,352977
724,Video_724,16,2016-09-13T15:57:37,188771
725,Video_725,16,2019-08-11T20:59:20,238199
726,Video_726,31,2016-09-02T05:13:26,999757
727,Video_727,42,2019-08-30T20:23:47,762019
728,Video_728,25,2017-07-14T15:48:38,761129
729,Video_729,13,2020-08-21T17:31:08,636329
730,Video_730,6,2018-07-01T16:48:43,641473
731,Video_731,44,2018-09-24T23:15:37,178164
732,Video_732,9,2016-11-14T18:15:17,457887
733,Video_733,45,2016-09-05T18:22:15,535638
734,Video_734,36,2018-10-15T19:28:49,752518
735,Video_735,43,2018-07-07T12:30:45,888291
736,Video_736,20,2018-08-10T05:59:15,514313
737,Video_737,18,2019-10-17T09:53:20,786858
738,Video_738,43,2019-08-16T21:31:02,69487
739,Video_739,21,2017-06-01T17:56:04,149694
740,Video_740,4,2019-10-11T04:12:29,124853
741,Video_741,50,2018-12-28T05:14:35,988767
742,Video_742,33,2019-10-21T04:24:14,316261
743,Video_743,27,2016-05-11T14:13:46,236062
744,Video_744,7,2018-12-31T08:43:39,452610
745,Video_745,6,2019-09-13T07:30:52,234077
746,Video_746,15,2018-05-03T00:19:53,888516
747,Video_747,18,2016-06-27T04:55:39,24782
748,Video_748,32,2016-08-21T03:28:29,510492
749,Video_749,11,2019-06-16T01:13:48,815886
750,Video_750,20,2019-02-02T18:26:29,855336
751,Video_751,24,2020-05-13T02:27:59,655224
752,Video_752,15,2017-05-12T01:28:28,409808
753,Video_753,48,2016-04-06T18:00:47,154245
754,Video_754,7,2017-03-19T14:24:30,951708
755,Video_755,21,2019-09-23T08:32:02,954100
756,Video_756,42,2016-04-18T02:47:57,952828
757,Video_757,26,2017-01-27T04:23:34,123258
758,Video_758,44,2016-07-27T21:16:58,636956
759,Video_759,14,2018-01-03T05:05:27,455418
760,Video_760,37,2019-02-12T03:25:50,483616
761,Video_761,21,2019-01-30T03:54:17,387328
762,Video_762,18,2019-04-04T11:41:34,507581
763,Video_763,5,2020-10-28T08:49:35,424966
764,Video_764,3,2016-04-10T14:49:28,994616
765,Video_765,23,2017-04-21T17:10:43,279710
766,Video_766,26,2019-10-29T20:39:29,663550
767,Video_767,37,2019-02-26T13:07:07,563621
768,Video_768,24,2019-03-01T19:19:41,385073
769,Video_769,49,2019-10-11T06:30:44,737265
770,Video_770,19,2016-08-26T20:59:35,614859
771,Video_771,25,2020-11-18T02:42:34,121263
772,Video_772,21,2017-03-03T19:17:28,920093
773,Video_773,12,2020-07-02T23:23:25,550523
774,Video_774,41,2019-02-14T01:46:16,1159
775,Video_775,33,2019-05-21T15:34:11,668505
776,Video_776,50,2018-09-03T18:16:39,999413
777,Video_777,4,2018-05-15T20:36:55,163993
778,Video_778,42,2018-02-14T12:23:37,368003
779,Video_779,7,2016-12-18T11:20:31,148309
780,Video_780,22,2016-03-21T12:14:18,108507
781,Video_781,33,2017-08-01T00:44:52,926748
782,Video_782,17,2020-03-30T11:24:53,15743
783,Video_783,24,2020-05-27T13:53:08,753462
784,Video_784,34,2019-04-17T07:52:12,47101
785,Video_785,28,2020-10-11T01:21:10,243717
786,Video_786,43,2016-12-31T20:53:47,646822
787,Video_787,41,2018-03-24T07:29:00,347371
788,Video_788,39,2018-03-19T16:36:42,231604
789,Video_789,22,2019-10-18T12:32:06,188450
790,Video_790,49,2017-10-28T15:31:48,858558
791,Video_791,17,2018-06-06T06:09:18,843503
792,Video_792,34,2020-03-06T02:32:28,727481
793,Video_793,6,2017-09-13T22:22:44,337907
794,Video_794,46,2017-01-16T00:30:32,488030
795,Video_795,6,2017-02-25T16:38:39,760710
796,Video_796,34,2016-08-18T01:43:13,406453
797,Video_797,1,2019-11-05T10:44:45,672009
798,Video_798,10,2017-06-20T10:11:28,169785
799,Video_799,21,2019-10-14T21:53:44,205535
800,Video_800,5,2016-09-29T18:09:06,701769
801,Video_801,2,2018-09-19T22:11:28,180838
802,Video_802,22,2018-12-15T09:54:26,571442
803,Video_803,48,2016-07-20T18:12:30,270160
804,Video_804,2,2020-09-04T18:45:34,473779
805,Video_805,10,2020-08-11T11:13:36,442904
806,Video_806,34,2018-06-21T02:58:50,877110
807,Video_807,16,2018-07-20T22:23:27,899488
808,Video_808,48,2017-05-04T08:26:32,579526
809,Video_809,39,2017-06-24T21:09:59,321752
810,Video_810,22,2019-01-28T02:48:38,614369
811,Video_811,12,2020-04-29T15:34:40,248644
812,Video_812,24,2017-11-27T16:40:00,950401
813,Video_813,47,2017-01-12T01:26:24,838393
814,Video_814,40,2017-09-16T10:10:56,200775
815,Video_815,38,2017-03-07T11:24:36,963261
816,Video_816,10,2018-01-05T12:19:45,814349
817,Video_817,35,2020-03-14T20:56:44,941240
818,Video_818,49,2016-03-22T15:52:45,815422
819,Video_819,32,2019-01-26T06:23:43,63551
820,Video_820,7,2020-09-17T06:49:57,976665
821,Video_821,21,2020-11-13T00:05:46,735983
822,Video_822,20,2019-02-20T04:00:37,678800
823,Video_823,26,2019-12-23T04:18:19,167277
824,Video_824,4,2020-09-09T21:46:37,81811
825,Video_825,46,2017-02-07T04:26:38,780128
826,Video_826,22,2016-09-24T20:41:32,842535
827,Video_827,15,2016-07-23T06:32:03,465028
828,Video_828,40,2018-08-18T22:23:15,960131
829,Video_829,21,2019-05-22T00:57:34,369266
830,Video_830,15,2020-01-27T03:51:26,235104
831,Video_831,22,2020-06-21T06:42:33,544296
832,Video_832,28,2019-06-30T07:06:15,203346
833,Video_833,14,2019-06-26T01:34:34,557690
834,Video_834,27,2020-11-21T03:41:20,185456
835,Video_835,41,2016-08-17T03:15:06,785282
836,Video_836,40,2017-01-24T09:02:31,400009
837,Video_837,28,2018-09-11T23:17:47,497043
838,Video_838,26,2016-08-18T10:08:40,137643
839,Video_839,49,2019-10-30T00:31:48,491083
840,Video_840,2,2019-12-18T07:02:27,934713
841,Video_841,25,2020-05-26T09:09:31,114550
842,Video_842,3,2018-12-06T08:53:02,485146
843,Video_843,8,2017-02-02T17:19:19,961652
844,Video_844,44,2020-09-08T20:09:50,92218
845,Video_845,33,2017-07-19T08:09:17,134296
846,Video_846,42,2017-02-04T21:23:41,500909
847,Video_847,35,2019-09-06T02:21:26,519767
848,Video_848,6,2020-04-11T08:14:29,180767
849,Video_849,39,2016-06-21T03:52:53,908211
850,Video_850,23,2017-01-20T18:07:27,392858
851,Video_851,25,2020-05-28T16:29:42,766348
852,Video_852,50,2017-04-20T09:39:36,241016
853,Video_853,43,2018-08-02T21:10:11,33441
854,Video_854,19,2017-05-26T13:43:19,239038
855,Video_855,5,2017-05-18T05:07:55,695489
856,Video_856,11,2018-09-29T11:19:44,756612
857,Video_857,12,2017-12-01T12:16:59,849800
858,Video_858,10,2018-12-11T01:21:03,617410
859,Video_859,8,2020-05-31T03:49:24,45760
860,Video_860,24,2018-06-01T12:10:37,286622
861,Video_861,28,2016-09-02T00:13:14,915313
862,Video_862,41,2018-02-17T14:29:11,859286
863,Video_863,36,2017-09-01T21:19:54,881662
864,Video_864,37,2020-09-07T09:42:47,348860
865,Video_865,21,2018-05-02T16:33:08,668540
866,Video_866,8,2017-01-23T21:22:24,99538
867,Video_867,9,2018-07-29T20:14:20,540660
868,Video_868,47,2020-07-15T11:00:18,817228
869,Video_869,15,2016-10-17T06:31:36,976776
870,Video_870,48,2020-04-10T10:34:11,512511
871,Video_871,46,2017-06-07T22:24:14,222035
872,Video_872,40,2020-12-09T00:08:29,886258
873,Video_873,18,2017-04-24T01:33:28,383736
874,Video_874,42,2017-06-15T21:38:36,356779
875,Video_875,20,2018-11-14T22:44:27,636310
876,Video_876,6,2020-10-17T02:24:24,579328
877,Video_877,12,2016-05-07T23:40:11,862789
878,Video_878,2,2016-03-29T03:40:51,727728
879,Video_879,7,2016-09-09T08:24:54,603644
880,Video_880,16,2016-05-21T05:52:39,279355
881,Video_881,3,2020-11-26T23:10:49,368570
882,Video_882,45,2018-04-02T06:10:28,268986
883,Video_883,3,2017-10-16T23:00:43,457331
884,Video_884,27,2020-11-12T13:38:31,854284
885,Video_885,50,2019-07-18T06:57:42,388881
886,Video_886,43,2016-04-04T02:16:49,309112
887,Video_887,40,2020-03-27T08:24:32,804940
888,Video_888,38,2020-08-22T01:12:20,154077
889,Video_889,33,2018-06-18T23:29:03,55575
890,Video_890,28,2018-07-27T13:46:11,474958
891,Video_891,1,2020-02-09T10:58:32,675331
892,Video_892,8,2018-01-30T19:25:12,419815
893,Video_893,37,2019-06-15T16:27:12,481808
894,Video_894,32,2018-07-13T02:16:37,592202
895,Video_895,48,2019-11-10T02:42:07,774422
896,Video_896,43,2016-08-14T17:15:46,592343
897,Video_897,37,2016-07-05T03:26:23,612985
898,Video_898,4,2017-05-06T03:19:57,631527
899,Video_899,30,2019-09-27T19:21:42,236469
900,Video_900,6,2019-07-15T07:00:12,124106
901,Video_901,46,2020-02-13T12:22:53,792787
902,Video_902,19,2019-12-13T23:19:03,841552
903,Video_903,32,2017-09-25T21:03:30,468835
904,Video_904,9,2018-11-22T22:35:46,301486
905,Video_905,12,2017-03-22T08:42:50,997364
906,Video_906,11,2018-08-29T03:50:24,3257
907,Video_907,46,2018-09-19T01:57:20,290508
908,Video_908,16,2018-12-09T00:41:42,681332
909,Video_909,1,2019-05-23T18:27:55,112715
910,Video_910,45,2017-02-10T06:37:51,27654
911,Video_911,21,2019-02-25T05:28:46,737129
912,Video_912,30,2020-05-18T23:42:06,344567
913,Video_913,13,2020-10-10T23:45:00,292464
914,Video_914,34,2016-11-25T21:38:53,546096
915,Video_915,4,2018-09-18T11:00:19,577677
916,Video_916,28,2018-01-21T01:16:53,489906
917,Video_917,38,2019-12-20T06:42:56,119581
918,Video_918,31,2017-01-15T15:53:44,128927
919,Video_919,27,2018-04-11T00:08:01,35773
920,Video_920,5,2019-10-28T20:18:30,707528
921,Video_921,25,2018-02-09T06:10:18,421963
922,Video_922,3,2017-03-13T16:35:53,339540
923,Video_923,33,2016-10-27T18:48:01,502590
924,Video_924,4,2016-06-06T05:24:14,370836
925,Video_925,25,2018-06-20T15:46:30,215764
926,Video_926,20,2019-04-08T12:17:14,582793
927,Video_927,34,2019-07-23T02:23:10,873328
928,Video_928,26,2018-02-10T08:22:24,543423
929,Video_929,5,2017-05-11T04:04:11,616175
930,Video_930,35,2018-10-14T07:23:02,123118
931,Video_931,28,2020-11-29T19:28:03,310521
932,Video_932,29,2018-08-29T13:42:52,155626
933,Video_933,9,2017-08-12T19:03:23,849923
934,Video_934,38,2017-05-10T01:25:53,974125
935,Video_935,50,2020-03-28T01:22:16,246739
936,Video_936,6,2020-05-18T04:39:56,845715
937,Video_937,19,2019-12-21T08:15:29,479356
938,Video_938,44,2020-03-29T14:13:08,280067
939,Video_939,11,2018-08-16T14:26:44,310735
940,Video_940,2,2020-03-25T06:36:56,587549
941,Video_941,47,2016-03-13T00:09:01,317480
942,Video_942,44,2016-10-06T18:32:48,337227
943,Video_943,44,2019-05-06T18:15:45,586236
944,Video_944,9,2020-04-19T08:40:14,241891
945,Video_945,21,2019-11-21T13:35:14,165074
946,Video_946,24,2018-01-17T22:01:43,474314
947,Video_947,34,2017-10-30T10:19:50,510452
948,Video_948,22,2020-12-17T09:17:22,991520
949,Video_949,3,2019-01-01T09:45:55,289816
950,Video_950,12,2016-05-31T04:12:48,791645
951,Video_951,28,2016-06-06T00:33:56,142365
952,Video_952,30,2018-05-24T03:26:56,450076
953,Video_953,26,2020-03-17T13:59:11,63507
954,Video_954,48,2020-01-02T01:29:56,58134
955,Video_955,21,2018-06-06T18:56:37,134172
956,Video_956,28,2020-07-25T10:33:46,242225
957,Video_957,26,2016-01-26T09:45:04,194069
958,Video_958,33,2016-11-29T23:33:48,815604
959,Video_959,21,2019-08-31T20:18:12,807564
960,Video_960,35,2017-02-20T02:54:46,774221
961,Video_961,34,2018-04-01T16:31:42,805631
962,Video_962,41,2019-02-10T10:21:27,561897
963,Video_963,47,2019-06-06T20:48:11,175037
964,Video_964,18,2019-02-10T22:16:00,664376
965,Video_965,11,2016-05-20T13:31:03,433995
966,Video_966,23,2019-05-29T13:31:51,497013
967,Video_967,48,2016-06-07T22:35:37,295025
968,Video_968,22,2020-11-06T19:16:52,738954
969,Video_969,17,2020-10-11T12:06:07,811904
970,Video_970,5,2017-08-27T18:33:04,501098
971,Video_971,44,2019-01-31T07:43:54,708173
972,Video_972,11,2020-09-14T19:17:29,756728
973,Video_973,30,2018-06-15T15:42:09,258803
974,Video_974,15,2016-08-16T10:55:28,692381
975,Video_975,27,2019-04-15T08:15:22,317275
976,Video_976,35,2020-04-15T16:01:03,680447
977,Video_977,33,2019-10-31T04:51:22,13828
978,Video_978,20,2020-09-04T08:18:59,980114
979,Video_979,16,2018-05-19T01:29:07,884096
980,Video_980,34,2017-01-04T03:11:30,517835
981,Video_981,2,2017-02-03T17:50:14,657761
982,Video_982,35,2016-10-27T09:05:38,802625
983,Video_983,40,2019-05-08T19:35:23,224461
984,Video_984,28,2019-03-05T11:41:05,439080
985,Video_985,47,2018-11-19T12:01:56,414523
986,Video_986,39,2020-09-29T02:57:22,365662
987,Video_987,6,2019-02-09T21:35:13,282755
988,Video_988,9,2017-03-24T05:21:14,700151
989,Video_989,20,2017-09-10T10:49:53,930454
990,Video_990,1,2020-04-30T18:55:34,339384
991,Video_991,8,2019-06-01T01:35:24,240719
992,Video_992,23,2020-04-02T16:30:41,733763
993,Video_993,3,2016-05-05T01:37:25,790177
994,Video_994,4,2016-05-20T18:03:47,842675
995,Video_995,25,2016-04-30T21:38:08,267010
996,Video_996,47,2017-03-01T18:10:20,688605
997,Video_997,38,2018-10-31T17:18:53,438940
998,Video_998,15,2020-01-11T20:55:27,916113
999,Video_999,21,2020-06-01T12:15:12,596642
1000,Video_1000,35,2019-11-20T19:32:13,52374
